#OTU ID	average	mock-355	mock-365-2	mock-367-2	mock-370-1	mock-370-2	mock-372-2	mock-372-3	mock-375	mock-376	mock-377-1	mock-377-2	mock-378-1	mock-378-2	mock-380	NTC-350	NTC-355	NTC-365	NTC-367	NTC-370-1	NTC-370-2	NTC-372-1	NTC-372-2	NTC-372-3	NTC-375-1	NTC-375-2	NTC-376-1	NTC-376-2	NTC-377-1	NTC-377-2	NTC-378-1	NTC-378-2	NTC-380
Unassigned;__;__;__;__	0.344383576	0.004028806	1	1	0	0	0.004937363	0.001904925	0	0	1	1	0	1	0	0	0	1	1	0	0.001092657	0	0	0	0	0.00729927	0	0	1	1	1	1	0.001011415
d__Bacteria;p__Bacteroidota;c__SJA-28;o__SJA-28;f__SJA-28	0.052154659	0.149418341	0	0	0.177745798	0.27445223	0.132418146	0	0.267897231	0.296459996	0	0	0	0	0.368644689	0	0	0	0	0	0.000178798	0	0	0	0	0	0	0	0	0	0	0	0.001733853
d__Bacteria;p__Firmicutes;c__Clostridia;o__Lachnospirales;f__Lachnospiraceae	0.050216766	0.001553968	0	0	0.000664194	0	0.000212984	0.001819118	0.000648541	0.000409249	0	0	0	0	0	0.179056755	0	0	0	0.445589645	0.003456771	0.107434053	0.053651267	0.739130435	0	0.01459854	0	0.021505376	0	0	0	0	0.037205606
d__Bacteria;__;__;__;__	0.039509345	0.001136699	0	0	0.011909374	0.000830262	0.001703874	0.047417196	0.001047643	0.000777573	0	0	1	0	0.000879121	0	0	0	0	0	0.004549428	0	0	0	0.08974359	0	0.09	0	0	0	0	0	0.014304291
d__Bacteria;p__Proteobacteria;c__Gammaproteobacteria;o__Pseudomonadales;f__Pseudomonadaceae	0.032972431	0.001460442	0	0	0	0	0	0.003998627	0	0	0	0	0	0	0.001025641	0	0	0	0	0	7.95E-05	0.07146283	0.181818182	0	0.358974359	0.109489051	0.24	0.059139785	0	0	0	0	0.027669412
d__Bacteria;p__Proteobacteria;c__Gammaproteobacteria;o__Burkholderiales;f__Burkholderiaceae	0.022849901	0	0	0	0.002444604	0	0.000329158	0.000205938	0	0	0	0	0	0	0	0.151878497	0.510989011	0	0	0	0.001172123	0.032613909	0	0	0	0	0	0.028673835	0	0	0	0	0.002889756
d__Bacteria;p__Bacteroidota;c__Bacteroidia;o__Cytophagales;f__Spirosomaceae	0.019804559	0	0	0	0	0	0	0.001990733	0	0	0	0	0	0	0	0	0	0	0	0	0.011820566	0.302158273	0.277943368	0	0	0.02189781	0	0.016129032	0	0	0	0	0.001806097
d__Bacteria;p__Firmicutes;c__Clostridia;o__Clostridiales;f__Clostridiaceae	0.019327147	0.047784516	0	0	0.068153724	0.106941801	0.053071814	0.003260683	0.125517585	0.135297729	0	0	0	0	0.076190476	0	0	0	0	0	0.000516529	0	0	0	0	0	0	0	0	0	0	0	0.001733853
d__Bacteria;p__Cyanobacteria;c__Cyanobacteriia;o__Chloroplast;f__Chloroplast	0.018937525	0.000884898	0	0	0.069565137	0.000141752	0.000929386	0.455174189	0	0	0	0	0	0	0.001465201	0	0	0	0	0	0.000953592	0	0	0	0	0.01216545	0	0.019713262	0	0	0	0	0.045007947
d__Bacteria;p__Proteobacteria;c__Alphaproteobacteria;o__Sphingomonadales;f__Sphingomonadaceae	0.018078191	0.007834589	0	0	0.000627295	0.000303754	0.006118458	0.009507465	0	0	0	0	0	0	0.001465201	0.152677858	0.065934066	0	0	0	0.037786078	0.008633094	0.019374069	0	0	0.065693431	0.11	0.064516129	0	0	0	0	0.028030631
d__Bacteria;p__Firmicutes;c__Clostridia;o__Oscillospirales;f__Ruminococcaceae	0.016186199	0.00102159	0	0	0.001014741	0.001174517	0.001181095	0.00034323	0.001895735	0.00192347	0	0	0	0	0.001318681	0	0	0	0	0.197387344	0.002503179	0	0	0.260869565	0	0.01946472	0	0.012544803	0	0	0	0	0.015315706
d__Bacteria;p__Firmicutes;c__Bacilli;o__Bacillales;f__Bacillaceae	0.015289888	0	0	0	0	0	0.000716402	0.001578857	0	0	0	0	0	0	0.006153846	0	0	0	0	0.00599233	0.005483153	0	0	0	0	0.211678832	0	0.197132616	0	0	0	0	0.060540384
d__Bacteria;p__Proteobacteria;c__Gammaproteobacteria;o__Burkholderiales;f__Comamonadaceae	0.014600176	0.000352521	0	0	0.000848693	0	0	0.001664664	0	0	0	0	0	0	0	0	0.054945055	0	0	0	0.005999682	0.107434053	0.266020864	0	0	0.01946472	0	0	0	0	0	0	0.010475365
d__Bacteria;p__Acidobacteriota;c__Subgroup_22;o__Subgroup_22;f__Subgroup_22	0.014318376	0.029511004	0	0	0.063827236	0.105099024	0.029604817	0	0.070441507	0.071577655	0	0	0	0	0.087765568	0	0	0	0	0	0	0	0	0	0	0	0	0	0	0	0	0	0.000361219
d__Bacteria;p__Proteobacteria;c__Alphaproteobacteria;o__Rhodobacterales;f__Rhodobacteraceae	0.014005546	0.010669142	0	0	0.003588495	0.003604552	0.007764246	0.000257422	0.004689449	0.004215265	0	0	0	0	0.002637363	0.299760192	0	0	0	0	0.014363477	0	0	0	0	0.00486618	0.06	0.012544803	0	0	0	0	0.019216876
d__Archaea;p__Halobacterota;c__Methanomicrobia;o__Methanomicrobiales;f__Methanocorpusculaceae	0.012924939	0.056309758	0	0	0.042988137	0.088210279	0.064495518	0	0.055325518	0.040188255	0	0	0	0	0.066080586	0	0	0	0	0	0	0	0	0	0	0	0	0	0	0	0	0	0
d__Bacteria;p__Spirochaetota;c__Spirochaetia;o__Spirochaetales;f__Spirochaetaceae	0.01185525	0.041230512	0	0	0.041189277	0.061965899	0.052161791	0	0.082713894	0.069776959	0	0	0	0	0.03032967	0	0	0	0	0	0	0	0	0	0	0	0	0	0	0	0	0	0
d__Bacteria;p__Firmicutes;c__Negativicutes;o__Veillonellales-Selenomonadales;f__Sporomusaceae	0.011593624	0.044086648	0	0	0.032351802	0.051476246	0.048947664	0	0.06280868	0.058727236	0	0	0	0	0.072380952	0	0	0	0	0	0	0	0	0	0	0	0	0	0	0	0	0	0.000216732
d__Bacteria;p__Desulfobacterota;c__Desulfovibrionia;o__Desulfovibrionales;f__Desulfovibrionaceae	0.010939309	0.078755962	0	0	0.02070995	0.034040744	0.07047844	0.00012013	0.033374906	0.033763045	0	0	0	0	0.028717949	0	0	0	0	0	0.000615861	0	0	0	0	0.01946472	0	0.023297491	0	0	0	0	0.006718682
d__Bacteria;p__Synergistota;c__Synergistia;o__Synergistales;f__Synergistaceae	0.009914578	0.02893546	0	0	0.031521559	0.048701956	0.03541348	0	0.045347967	0.046613464	0	0	0	0	0.080732601	0	0	0	0	0	0	0	0	0	0	0	0	0	0	0	0	0	0
d__Bacteria;p__Bacteroidota;c__Bacteroidia;o__Chitinophagales;f__Chitinophagaceae	0.008987718	0.000935259	0	0	0.000304422	0.000526508	0.000619591	0.013042732	0	0	0	0	0	0	0	0	0	0	0	0.000239693	0.087432454	0.001438849	0	0	0	0.090024331	0	0.084229391	0	0	0	0	0.008813755
d__Bacteria;p__Proteobacteria;c__Gammaproteobacteria;o__Alteromonadales;f__Marinobacteraceae	0.008802639	0.158792509	0	0	0	0	0.10141925	0	0	0	0	0	0	0	0.001172161	0	0	0	0	0	0	0	0	0	0	0	0	0	0	0	0	0	0.020300535
d__Bacteria;p__Proteobacteria;c__Alphaproteobacteria;o__Rickettsiales;f__Mitochondria	0.008569614	0.000107914	0	0	0.003726869	0	0	0.262227561	0	0	0	0	0	0	0	0	0	0	0	0	0.002602511	0	0	0	0	0	0	0	0	0	0	0	0.00556278
d__Bacteria;p__Firmicutes;c__Clostridia;o__Eubacteriales;f__Eubacteriaceae	0.008218312	0.01748214	0	0	0.033384993	0.052043255	0.024686816	0	0.055824395	0.055535093	0	0	0	0	0.024029304	0	0	0	0	0	0	0	0	0	0	0	0	0	0	0	0	0	0
d__Bacteria;p__Bacteroidota;c__Bacteroidia;o__Bacteroidales;f__Prevotellaceae	0.007736483	0	0	0	8.30E-05	8.10E-05	0.000193622	0.00046336	0	0	0	0	0	0	0.00029304	0	0	0	0	0.159096357	0	0.009592326	0	0	0	0	0	0.005376344	0	0	0	0	0.072388383
d__Bacteria;p__Proteobacteria;c__Alphaproteobacteria;o__Rhizobiales;f__Xanthobacteraceae	0.006840832	0	0	0	0	0	0	0.045100395	0	0	0	0	0	0	0	0	0.087912088	0	0	0.001018696	0.002344247	0.015347722	0.043219076	0	0	0.00973236	0	0	0	0	0	0	0.014232047
d__Bacteria;p__Proteobacteria;c__Gammaproteobacteria;o__Enterobacterales;f__Enterobacteriaceae	0.00679603	0	0	0	0.000424346	0.000364505	0	0.001819118	0	0	0	0	0	0	0	0	0.142857143	0	0	0.001378236	0	0.058513189	0	0	0	0.00973236	0	0	0	0	0	0	0.002384049
d__Archaea;p__Halobacterota;c__Methanomicrobia;o__Methanomicrobiales;f__Methanoregulaceae	0.006369712	0.025007374	0	0	0.016171288	0.027945405	0.038182276	0	0.033674233	0.019480254	0	0	0	0	0.043369963	0	0	0	0	0	0	0	0	0	0	0	0	0	0	0	0	0	0
d__Bacteria;p__Bacteroidota;c__Bacteroidia;o__Cytophagales;f__Hymenobacteraceae	0.006251903	0	0	0	0	0	0	0.004702248	0	0	0	0	0	0	0	0	0	0	0	0	0.015615067	0	0	0	0.08974359	0	0.09	0	0	0	0	0	0
d__Bacteria;p__Bacteroidota;c__Bacteroidia;o__Bacteroidetes_VC2.1_Bac22;f__Bacteroidetes_VC2.1_Bac22	0.006170064	0	0	0	0	0	0	0	0	0	0	0	0	0	0	0.197442046	0	0	0	0	0	0	0	0	0	0	0	0	0	0	0	0	0
d__Bacteria;p__Proteobacteria;c__Gammaproteobacteria;o__Pseudomonadales;f__Moraxellaceae	0.006150956	0	0	0	0	0	0	0.001012528	0	0	0	0	0	0	0	0	0	0	0	0	0	0	0	0	0.115384615	0	0.08	0	0	0	0	0	0.000433463
d__Bacteria;p__Proteobacteria;c__Gammaproteobacteria;o__Xanthomonadales;f__Xanthomonadaceae	0.00602134	0.004438881	0	0	0.008819025	0.013385444	0.004859914	0.000703621	0.011424295	0.012318396	0	0	0	0	0.010549451	0.017585931	0	0	0	0.003056088	0.001013191	0	0	0	0	0.02189781	0.03	0.032258065	0	0	0	0	0.020372779
d__Bacteria;p__Thermotogota;c__Thermotogae;o__Petrotogales;f__Petrotogaceae	0.005499625	0.00316549	0	0	0.002075607	0.002490786	0.005595678	0	0.006036418	0.004829139	0	0	0	0	0.002051282	0	0	0	0	0	0	0	0	0	0.08974359	0	0.06	0	0	0	0	0	0
d__Bacteria;p__Chloroflexi;c__Dehalococcoidia;o__Dehalococcoidales;f__Dehalococcoidaceae	0.005470214	0.016971345	0	0	0.014353979	0.027094893	0.050709625	0	0.028485907	0.0317168	0	0	0	0	0.005714286	0	0	0	0	0	0	0	0	0	0	0	0	0	0	0	0	0	0
d__Archaea;p__Crenarchaeota;c__Nitrososphaeria;o__Nitrososphaerales;f__Nitrososphaeraceae	0.004782352	0	0	0	0	0.00066826	0	0	0	0	0	0	0	0	0	0	0	0	0	0	0.063771456	0	0	0	0	0.02919708	0	0.053763441	0	0	0	0	0.005635024
d__Bacteria;p__Acidobacteriota;c__Blastocatellia;o__Blastocatellales;f__Blastocatellaceae	0.00467157	0	0	0	0	0	0	6.86E-05	0	0	0	0	0	0	0	0	0.137362637	0	0	0	0.012058964	0	0	0	0	0	0	0	0	0	0	0	0
d__Bacteria;p__Actinobacteriota;c__Actinobacteria;o__Micrococcales;f__Intrasporangiaceae	0.004389593	0	0	0	0	0	0	0.000326068	0	0	0	0	0	0	0	0	0	0	0	0	0.00039733	0	0	0	0.08974359	0	0.05	0	0	0	0	0	0
d__Bacteria;p__Proteobacteria;c__Gammaproteobacteria;o__R7C24;f__R7C24	0.004190705	0	0	0	0	0	0	0	0	0	0	0	0	0	0	0	0	0	0	0	0	0	0	0	0.064102564	0	0.07	0	0	0	0	0	0
d__Bacteria;p__Proteobacteria;c__Alphaproteobacteria;o__Caulobacterales;f__Caulobacteraceae	0.004080828	0.000791373	0	0	0.000147599	0	0.000890662	0.000566329	0	0	0	0	0	0	0	0	0	0	0	0	0.006257947	0.026378897	0.05514158	0	0.038461538	0	0	0	0	0	0	0	0.001950585
d__Bacteria;p__Chloroflexi;c__Anaerolineae;o__Anaerolineales;f__Anaerolineaceae	0.003987502	0.010223095	0	0	0.010165864	0.018306265	0.016574051	0	0.019805438	0.018129732	0	0	0	0	0.004395604	0	0	0	0	0	0	0	0	0	0	0	0.03	0	0	0	0	0	0
d__Bacteria;p__Bacteroidota;c__Bacteroidia;o__Bacteroidales;f__Rikenellaceae	0.003591152	0.013654774	0	0	0.009529344	0.01310194	0.022731233	0.00012013	0.01686206	0.019398404	0	0	0	0	0.008937729	0	0	0	0	0.001737776	9.93E-05	0	0	0	0	0.00729927	0	0	0	0	0	0	0.001444878
d__Bacteria;p__Proteobacteria;c__Alphaproteobacteria;o__Rhizobiales;f__Beijerinckiaceae	0.003574137	0.000136692	0	0	0.000691869	0.000830262	0	0.007842801	0	0	0	0	0	0	0	0	0	0	0	0	0.076446281	0	0	0	0	0	0	0.014336918	0	0	0	0	0.01408756
d__Bacteria;p__Firmicutes;c__Negativicutes;o__Acidaminococcales;f__Acidaminococcaceae	0.003460128	0.007539623	0	0	0.009621594	0.014661213	0.012662885	0.00012013	0.01686206	0.017106609	0	0	0	0	0.031355311	0	0	0	0	0	0	0	0	0	0	0	0	0	0	0	0	0	0.000794683
d__Bacteria;p__Cyanobacteria;c__Cyanobacteriia;o__Cyanobacteriales;f__Phormidiaceae	0.003325142	0	0	0	0	0.000486007	0.000154898	0.000205938	0	0	0	0	0	0	0.003223443	0	0	0	0	0	0.043924825	0.000959233	0	0	0	0	0	0.007168459	0	0	0	0	0.050281751
d__Bacteria;p__Bacteroidota;c__Bacteroidia;o__Flavobacteriales;f__Flavobacteriaceae	0.003281708	0.011266268	0	0	0	0	0.009564931	0.000669298	0	0	0	0	0	0	0	0	0	0	0	0	0.00073506	0	0.016393443	0	0	0.01216545	0	0.032258065	0	0	0	0	0.021962144
d__Bacteria;p__Deinococcota;c__Deinococci;o__Thermales;f__Thermaceae	0.003158505	0	0	0	3.69E-05	6.08E-05	0	0	0	0	0	0	0	0	0	0	0	0	0	0.010486577	0.002026383	0	0	0	0.038461538	0	0.05	0	0	0	0	0	0
d__Bacteria;p__Actinobacteriota;c__Rubrobacteria;o__Rubrobacterales;f__Rubrobacteriaceae	0.00285252	0	0	0	0	0.000425256	0	0	0	0	0	0	0	0	0	0	0	0	0	0	0.053301812	0	0	0	0	0.01703163	0	0.017921147	0	0	0	0	0.00260078
d__Bacteria;p__Verrucomicrobiota;c__Verrucomicrobiae;o__Verrucomicrobiales;f__Akkermansiaceae	0.002834656	0	0	0	6.46E-05	0.000101251	0	0.00034323	0	0	0	0	0	0	0	0	0	0	0	0	0	0.057074341	0	0	0	0.01459854	0	0.014336918	0	0	0	0	0.004190146
d__Bacteria;p__Actinobacteriota;c__Actinobacteria;o__Frankiales;f__Geodermatophilaceae	0.002746427	0	0	0	0	0.000526508	0	0.000429037	0	0	0	0	0	0	0	0	0	0	0	0	0.051394628	0	0	0	0	0.01946472	0	0.014336918	0	0	0	0	0.001733853
d__Bacteria;p__Bacteroidota;c__Bacteroidia;o__Bacteroidales;f__Bacteroidaceae	0.002727458	7.91E-05	0	0	0.000673419	0.000627759	0.000212984	0.00080659	9.98E-05	0	0	0	0	0	0	0	0	0	0	0.011924736	0.000715194	0.036930456	0	0	0	0.00486618	0	0	0	0	0	0	0.030342436
d__Bacteria;p__Cyanobacteria;c__Cyanobacteriia;__;__	0.002580562	0	0	0	0.016936957	0	0	0	0	0	0	0	0	0	0	0	0	0	0	0	0	0	0	0	0.025641026	0	0.04	0	0	0	0	0	0
d__Bacteria;p__Firmicutes;c__Bacilli;o__Lactobacillales;f__Streptococcaceae	0.002580074	0	0	0	0	0	0	0.000961043	0	0	0	0	0	0	0.001465201	0	0	0	0	0.006232023	0	0	0.04023845	0	0	0	0	0	0	0	0	0	0.033665655
d__Bacteria;p__Firmicutes;c__Bacilli;o__Lactobacillales;f__Lactobacillaceae	0.002549126	0	0	0	0.000129149	0	0	0.003123391	0	0	0	0	0	0	0	0	0	0	0	0	0	0.038848921	0.038748137	0	0	0	0	0	0	0	0	0	0.000722439
d__Bacteria;p__Desulfobacterota;c__Desulfuromonadia;o__Geobacterales;f__Geobacteraceae	0.002308352	0.009719494	0	0	0.007001716	0.011421166	0.012217554	0	0.013020703	0.013014119	0	0	0	0	0.007472527	0	0	0	0	0	0	0	0	0	0	0	0	0	0	0	0	0	0
d__Bacteria;p__Firmicutes;c__Bacilli;o__Acholeplasmatales;f__Acholeplasmataceae	0.002268511	5.04E-05	0	0	0	0	0	0	0	0	0	0	0	0	0	0	0	0	0	0	0	0	0	0	0	0.051094891	0	0.019713262	0	0	0	0	0.001733853
d__Bacteria;p__Firmicutes;c__Negativicutes;o__Veillonellales-Selenomonadales;f__Veillonellaceae	0.00220316	0	0	0	0	0	0	0.000257422	0	0	0	0	0	0	0.001465201	0	0	0	0	0.048477948	0	0	0	0	0	0	0	0	0	0	0	0	0.020300535
d__Bacteria;p__Firmicutes;c__Bacilli;o__Erysipelotrichales;f__Erysipelatoclostridiaceae	0.002100999	0.002841747	0	0	0.001559012	0.00206553	0.003407749	0.000240261	0.003192816	0.002905668	0	0	0	0	0.000732601	0	0	0	0	0.004494247	0	0.023501199	0	0	0	0.00973236	0	0.010752688	0	0	0	0	0.001806097
d__Bacteria;p__Proteobacteria;c__Gammaproteobacteria;o__Vibrionales;f__Vibrionaceae	0.001994694	0.035676516	0	0	0	0	0.025480667	0	0	0	0	0	0	0	0	0	0	0	0	0	0	0	0	0	0	0	0	0	0	0	0	0	0.002673024
d__Bacteria;p__Proteobacteria;c__Alphaproteobacteria;o__Rhizobiales;f__Rhizobiaceae	0.001978182	0.000985619	0	0	0.001273039	0	5.81E-05	0.04297237	0	0	0	0	0	0	0	0	0	0	0	0.001438159	0.000536395	0	0	0	0	0	0	0	0	0	0	0	0.016038145
d__Bacteria;p__Planctomycetota;c__Planctomycetes;o__Pirellulales;f__Pirellulaceae	0.001641466	0.023489378	0	0	0.002306231	0	0.01928476	3.43E-05	0	0	0	0	0	0	0	0	0	0	0	0	0.000476796	0	0	0	0	0	0	0	0	0	0	0	0.006935414
d__Bacteria;p__Firmicutes;c__Clostridia;o__Peptococcales;f__Peptococcaceae	0.001619123	0.007647537	0	0	0.005608753	0.008484873	0.00867427	0	0.007632826	0.008389605	0	0	0	0	0.005274725	0	0	0	0	0	9.93E-05	0	0	0	0	0	0	0	0	0	0	0	0
d__Bacteria;p__Cyanobacteria;c__Cyanobacteriia;o__Cyanobacteriales;f__Nostocaceae	0.001577653	0	0	0	0.0503404	0	0	0	0	0	0	0	0	0	0	0	0	0	0	0	0	0	0	0	0	0	0	0	0	0	0	0	0.000144488
d__Bacteria;p__Cyanobacteria;c__Cyanobacteriia;o__Pseudanabaenales;f__Pseudanabaenaceae	0.001577462	0	0	0	0.050478773	0	0	0	0	0	0	0	0	0	0	0	0	0	0	0	0	0	0	0	0	0	0	0	0	0	0	0	0
d__Bacteria;p__Proteobacteria;c__Alphaproteobacteria;o__Acetobacterales;f__Acetobacteraceae	0.001435129	0	0	0	0.00114389	0	0	0.003003261	0	0	0	0	0	0	0	0	0	0	0	0	0.01440321	0	0	0	0	0.00729927	0	0.019713262	0	0	0	0	0.000361219
d__Bacteria;p__Proteobacteria;c__Gammaproteobacteria;o__Burkholderiales;f__Oxalobacteraceae	0.001432808	0	0	0	0	0	0	0.002265317	0	0	0	0	0	0	0	0	0	0	0	0	0.006595677	0	0	0	0	0	0	0	0	0	0	0	0.036988874
d__Bacteria;p__Actinobacteriota;c__Actinobacteria;o__Pseudonocardiales;f__Pseudonocardiaceae	0.001428129	0	0	0	0	0	0	0.001115497	0	0	0	0	0	0	0	0	0	0	0	0	0.010032581	0	0	0	0	0.01946472	0	0.010752688	0	0	0	0	0.004334634
d__Bacteria;p__Firmicutes;c__Bacilli;o__Erysipelotrichales;f__Erysipelotrichaceae	0.001395136	9.35E-05	0	0	0.000101474	6.08E-05	0	0.001510211	0	0.0001637	0	0	0	0	0	0	0	0	0	0	0	0.017266187	0	0	0	0	0	0.016129032	0	0	0	0	0.009319463
d__Bacteria;p__Actinobacteriota;c__Thermoleophilia;o__Solirubrobacterales;f__67-14	0.001390523	5.04E-05	0	0	0	0	0	5.15E-05	0	0	0	0	0	0	0	0	0	0	0	0	0.013310553	0	0	0	0	0.01946472	0	0.010752688	0	0	0	0	0.000866927
d__Bacteria;p__Actinobacteriota;c__Actinobacteria;o__Kineosporiales;f__Kineosporiaceae	0.001303932	0	0	0	0	0	0	0.000532006	0	0	0	0	0	0	0	0	0	0	0	0	0.006019549	0	0	0	0	0.01946472	0	0.014336918	0	0	0	0	0.001372634
d__Bacteria;p__Proteobacteria;c__Gammaproteobacteria;o__Burkholderiales;f__Neisseriaceae	0.001300427	0	0	0	0	0	0.000154898	0	0	0	0	0	0	0	0.002490842	0	0	0	0	0	0	0	0	0	0	0.01216545	0	0	0	0	0	0	0.026802485
d__Bacteria;p__Actinobacteriota;c__Actinobacteria;o__Micromonosporales;f__Micromonosporaceae	0.001297326	0	0	0	0	0	0	5.15E-05	0	0	0	0	0	0	0	0	0	0	0	0	0.016111729	0	0	0	0	0.01459854	0	0.010752688	0	0	0	0	0
d__Bacteria;p__Firmicutes;c__Clostridia;o__Oscillospirales;f__Oscillospiraceae	0.001297305	0.000359715	0	0	7.38E-05	0.000263254	0.000309795	0.00034323	0.001496633	0.000532024	0	0	0	0	0	0	0	0	0	0.035534516	0	0	0	0	0	0	0	0	0	0	0	0	0.00260078
d__Bacteria;p__Myxococcota;c__bacteriap25;o__bacteriap25;f__bacteriap25	0.001255477	0.000165469	0	0	0	0	9.68E-05	0	0	0	0	0	0	0	0	0	0	0	0	0	0.000536395	0	0	0	0	0.03163017	0	0.007168459	0	0	0	0	0.000577951
d__Bacteria;p__Bacteroidota;c__Bacteroidia;o__Sphingobacteriales;f__Sphingobacteriaceae	0.001220904	5.04E-05	0	0	0	0	0	0.001819118	0	0	0	0	0	0	0.000732601	0	0	0	0	0	0.002105849	0	0.002235469	0	0	0.00729927	0	0.012544803	0	0	0	0	0.012281462
d__Bacteria;p__Chloroflexi;c__Chloroflexia;o__Kallotenuales;f__AKIW781	0.001214614	0	0	0	0	8.10E-05	0	3.43E-05	0	0	0	0	0	0	0	0	0	0	0	0	0.03788541	0	0	0	0	0	0	0	0	0	0	0	0.000866927
d__Bacteria;p__Planctomycetota;c__Phycisphaerae;o__Phycisphaerales;f__Phycisphaeraceae	0.001168312	0.002338146	0	0	0.033025221	0	0.001878134	0	0	0	0	0	0	0	0	0	0	0	0	0	0	0	0	0	0	0	0	0	0	0	0	0	0.000144488
d__Bacteria;p__Bacteroidota;c__Bacteroidia;o__Bacteroidales;f__Dysgonomonadaceae	0.001133732	0.005179893	0	0	0.002573753	0.002956543	0.007783608	0	0.006285857	0.005729486	0	0	0	0	0.004542125	0	0	0	0	0	0	0	0	0	0	0	0	0	0	0	0	0	0.001228146
d__Bacteria;p__Fusobacteriota;c__Fusobacteriia;o__Fusobacteriales;f__Fusobacteriaceae	0.001110005	0	0	0	0	0	0	0.000171615	0	0	0	0	0	0	0	0	0	0	0	0	0	0	0	0	0	0.00729927	0	0.016129032	0	0	0	0	0.011920243
d__Bacteria;p__Actinobacteriota;c__Thermoleophilia;o__Solirubrobacterales;f__Solirubrobacteraceae	0.001101508	0	0	0	0	0	0	0.000514845	0	0	0	0	0	0	0	0	0	0	0	0	0.021813414	0	0	0	0	0	0	0.010752688	0	0	0	0	0.002167317
d__Bacteria;p__Proteobacteria;c__Gammaproteobacteria;o__Nitrosococcales;f__Methylophagaceae	0.001054685	0.017856244	0	0	0	0	0.013437373	0	0	0	0	0	0	0	0	0	0	0	0	0	0	0	0	0	0	0	0	0	0	0	0	0	0.002456292
d__Bacteria;p__Acidobacteriota;c__Blastocatellia;o__Pyrinomonadales;f__Pyrinomonadaceae	0.000948659	0	0	0	0	0	0	0	0	0	0	0	0	0	0	0	0	0	0	0	0.025111252	0	0	0	0	0	0	0.003584229	0	0	0	0	0.00166161
d__Bacteria;p__Actinobacteriota;c__Actinobacteria;o__Bifidobacteriales;f__Bifidobacteriaceae	0.000943669	0	0	0	0	0	0	0	0	0	0	0	0	0	0	0	0	0	0	0.028463567	0	0	0	0	0	0	0	0	0	0	0	0	0.001733853
d__Bacteria;p__Firmicutes;c__Clostridia;o__Peptostreptococcales-Tissierellales;f__Peptostreptococcaceae	0.000934389	0.000510795	0	0	0	0	0.000445331	0.003089068	0	0.000245549	0	0	0	0	0	0	0	0	0	0.004793864	0.000635728	0.004316547	0	0	0	0.00486618	0	0.007168459	0	0	0	0	0.003828926
d__Bacteria;p__Cyanobacteria;c__Cyanobacteriia;o__Synechococcales;f__Cyanobiaceae	0.000921801	0.001474831	0	0	0.002297006	0	0.001181095	0	0	0	0	0	0	0	0	0	0	0	0	0	0	0	0	0	0	0.00973236	0	0.008960573	0	0	0	0	0.005851756
d__Bacteria;p__Actinobacteriota;c__Actinobacteria;o__Micrococcales;f__Micrococcaceae	0.000880663	4.32E-05	0	0	0.000166049	0	0	0.001235627	0	0	0	0	0	0	0	0	0	0	0	0	0.003715035	0	0.001490313	0	0	0	0	0.008960573	0	0	0	0	0.012570438
d__Bacteria;p__Bacteroidota;c__Bacteroidia;o__Bacteroidales;f__Muribaculaceae	0.000870924	0	0	0	0	0	0	0	0	8.18E-05	0	0	0	0	0	0	0	0	0	0	0	0.017745803	0	0	0	0	0	0	0	0	0	0	0.010041901
d__Bacteria;p__Actinobacteriota;c__Actinobacteria;o__Propionibacteriales;f__Nocardioidaceae	0.000782726	0	0	0	0	0	0	0.002007894	0	0	0	0	0	0	0	0	0	0	0	0	0.01207883	0	0	0	0	0.00973236	0	0	0	0	0	0	0.001228146
d__Bacteria;p__Firmicutes;c__Bacilli;o__Bacillales;f__Salisediminibacteriaceae	0.000779376	0	0	0	0	0	0	0	0	0	0	0	0	0	0	0	0	0	0	0	0	0.024940048	0	0	0	0	0	0	0	0	0	0	0
d__Bacteria;p__Firmicutes;c__Clostridia;o__Christensenellales;f__Christensenellaceae	0.00077615	0.003244628	0	0	0.002822826	0.004556316	0.00385308	6.86E-05	0.004390122	0.003273992	0	0	0	0	0.001904762	0	0	0	0	0	0	0	0	0	0	0	0	0	0	0	0	0	0.000722439
d__Archaea;p__Euryarchaeota;c__Methanobacteria;o__Methanobacteriales;f__Methanobacteriaceae	0.000769345	0.003345348	0	0	0.002776702	0.003584302	0.004182237	0	0.003392367	0.00441989	0	0	0	0	0.002051282	0	0	0	0	0	0	0	0	0	0	0	0	0	0	0	0	0	0.000866927
d__Bacteria;p__Verrucomicrobiota;c__Lentisphaeria;o__Victivallales;f__Victivallaceae	0.000721092	0.003856143	0	0	0.001688161	0.002693289	0.006041009	0	0.003242704	0.003355842	0	0	0	0	0.002197802	0	0	0	0	0	0	0	0	0	0	0	0	0	0	0	0	0	0
d__Bacteria;p__Bacteroidota;c__Bacteroidia;o__Bacteroidales;f__Paludibacteraceae	0.000718868	0.000510795	0	0	0.000378222	0.000486007	0.00114237	0	0.000848092	0.000900348	0	0	0	0	0.000586081	0	0	0	0	0	0	0	0	0	0	0	0	0.016129032	0	0	0	0	0.002022829
d__Bacteria;p__Myxococcota;c__Myxococcia;o__Myxococcales;f__Myxococcaceae	0.000691803	7.91E-05	0	0	0.002370805	0	3.87E-05	0.00046336	0	0	0	0	0	0	0	0	0	0	0	0	0.017740782	0	0	0	0	0	0	0	0	0	0	0	0.001444878
d__Bacteria;p__Campilobacterota;c__Campylobacteria;o__Campylobacterales;f__Arcobacteraceae	0.000655671	0.000172663	0	0	0	0	0.000367882	0	0	0	0	0	0	0	0	0	0	0	0	0	0	0	0.002235469	0	0	0	0	0	0	0	0	0	0.018205462
d__Bacteria;p__Proteobacteria;c__Gammaproteobacteria;o__Pasteurellales;f__Pasteurellaceae	0.000645813	1.44E-05	0	0	0	0	0	0.00012013	0	0	0	0	0	0	0.001025641	0	0	0	0	0	0	0	0	0	0	0	0	0	0	0	0	0	0.019505852
d__Bacteria;p__Planctomycetota;c__Pla3_lineage;o__Pla3_lineage;f__Pla3_lineage	0.000590572	0.00874107	0	0	0	0	0.00762871	0	0	0	0	0	0	0	0	0	0	0	0	0	0	0	0	0	0	0	0	0	0	0	0	0	0.002528536
d__Bacteria;p__Acidobacteriota;c__Acidobacteriae;o__Bryobacterales;f__Bryobacteraceae	0.000587991	0.000187052	0	0	0.00241693	0	0.000154898	0	0	0.000245549	0	0	0	0	0.000732601	0	0	0	0	0	0.015078671	0	0	0	0	0	0	0	0	0	0	0	0
d__Bacteria;p__Bacteroidota;c__Bacteroidia;o__Bacteroidales;f__Tannerellaceae	0.000572484	7.91E-05	0	0	6.46E-05	0	0	0	0.000199551	0.0001637	0	0	0	0	0	0	0	0	0	0.001617929	0	0.014388489	0	0	0	0	0	0	0	0	0	0	0.001806097
d__Bacteria;p__Gemmatimonadota;c__Longimicrobia;o__Longimicrobiales;f__Longimicrobiaceae	0.000570762	0	0	0	0	6.08E-05	0	5.15E-05	0	0	0	0	0	0	0	0	0	0	0	0	0.007986332	0	0	0	0	0.00973236	0	0	0	0	0	0	0.000433463
d__Bacteria;p__Abditibacteriota;c__Abditibacteria;o__Abditibacteriales;f__Abditibacteriaceae	0.000562992	0	0	0	0	0	0	0.001819118	0	0	0	0	0	0	0	0	0	0	0	0	0.01605213	0	0	0	0	0	0	0	0	0	0	0	0.000144488
d__Bacteria;p__Gemmatimonadota;c__Gemmatimonadetes;o__Gemmatimonadales;f__Gemmatimonadaceae	0.000541535	0	0	0	0.000175274	0	0	6.86E-05	0	0	0	0	0	0	0	0	0	0	0	0	0.016290528	0	0	0	0	0	0	0	0	0	0	0	0.000794683
d__Bacteria;p__Bacteroidota;c__Bacteroidia;o__Cytophagales;f__Microscillaceae	0.000512977	0	0	0	0.014464678	0	0	0	0	0	0	0	0	0	0	0	0	0	0	0	0	0	0	0	0	0	0	0	0	0	0	0	0.001950585
d__Bacteria;p__Actinobacteriota;c__Actinobacteria;o__Euzebyales;f__Euzebyaceae	0.000498736	0	0	0	0	0	0	0	0	0	0	0	0	0	0	0	0	0	0	0	0.000913859	0	0	0	0	0.00729927	0	0.007168459	0	0	0	0	0.000577951
d__Bacteria;p__Firmicutes;c__Clostridia;o__Oscillospirales;f__Butyricicoccaceae	0.000480619	0.000258995	0	0	0.000295198	0	0.00034852	0	0	0.000900348	0	0	0	0	0.00043956	0	0	0	0	0.012703739	0	0	0	0	0	0	0	0	0	0	0	0	0.000433463
d__Bacteria;p__Firmicutes;c__Bacilli;o__Paenibacillales;f__Paenibacillaceae	0.000480258	0	0	0	0	0	0	0.000858074	0	0	0	0	0	0	0	0	0	0	0	0	0.000278131	0	0	0	0	0	0	0	0	0	0	0	0.014232047
d__Bacteria;p__Patescibacteria;c__Saccharimonadia;o__Saccharimonadales;f__Saccharimonadaceae	0.000474693	0	0	0	0	0	0	0	0	0	0	0	0	0	0	0	0	0	0	0	0	0	0	0	0	0.00729927	0	0.007168459	0	0	0	0	0.000722439
d__Bacteria;p__WPS-2;c__WPS-2;o__WPS-2;f__WPS-2	0.000450174	0	0	0	0	0	0	6.86E-05	0	0	0	0	0	0	0	0	0	0	0	0	0	0	0	0	0	0	0	0.014336918	0	0	0	0	0
d__Bacteria;p__Bacteroidota;c__Bacteroidia;o__Flavobacteriales;f__Weeksellaceae	0.000446851	0	0	0	0	0	0	0.000634975	0	0	0	0	0	0	0.000732601	0	0	0	0	0	0	0	0	0	0	0	0	0	0	0	0	0	0.012931657
d__Bacteria;p__Planctomycetota;c__Phycisphaerae;o__Tepidisphaerales;f__WD2101_soil_group	0.00044657	0	0	0	0.00063652	0	0	3.43E-05	0	0	0	0	0	0	0	0	0	0	0	0	0.01333042	0	0	0	0	0	0	0	0	0	0	0	0.000288976
d__Bacteria;p__Verrucomicrobiota;c__Verrucomicrobiae;o__Chthoniobacterales;f__Chthoniobacteraceae	0.000444121	0	0	0	0.00063652	0	0	0.000909559	0	0	0	0	0	0	0	0	0	0	0	0	0.012376828	0	0	0	0	0	0	0	0	0	0	0	0.000288976
d__Bacteria;p__Cyanobacteria;c__Cyanobacteriia;o__Leptolyngbyales;f__Leptolyngbyaceae	0.000441265	0	0	0	0.013901958	0	0	0	0	0	0	0	0	0	0	0	0	0	0	0	0.000218531	0	0	0	0	0	0	0	0	0	0	0	0
d__Bacteria;p__Campilobacterota;c__Campylobacteria;o__Campylobacterales;f__Sulfurimonadaceae	0.000432729	0.00015108	0	0	0	0	0	0	0	0	0	0	0	0	0	0	0	0	0	0	0	0	0	0	0	0.00486618	0	0.007168459	0	0	0	0	0.00166161
d__Bacteria;p__Proteobacteria;c__Alphaproteobacteria;o__Caulobacterales;f__Hyphomonadaceae	0.000429048	0.005338168	0	0	0.002333905	0	0.005479505	0	0	0	0	0	0	0	0	0	0	0	0	0	0	0	0	0	0	0	0	0	0	0	0	0	0.000577951
d__Bacteria;p__Patescibacteria;c__Saccharimonadia;o__Saccharimonadales;__	0.000416592	0.001086339	0	0	0.000230623	0.000364505	0.005924836	0	0.002394612	0.003151218	0	0	0	0	0	0	0	0	0	0	0.000178798	0	0	0	0	0	0	0	0	0	0	0	0
d__Bacteria;p__Proteobacteria;c__Gammaproteobacteria;o__P0X4b2H11;f__P0X4b2H11	0.000408544	0.007690703	0	0	0	0	0.005382694	0	0	0	0	0	0	0	0	0	0	0	0	0	0	0	0	0	0	0	0	0	0	0	0	0	0
d__Bacteria;p__Firmicutes;c__Bacilli;o__Staphylococcales;f__Staphylococcaceae	0.000405273	0.000107914	0	0	0	0	0	0.011309422	0	0	0	0	0	0	0	0	0	0	0	0	0.000973458	0	0	0	0	0	0	0	0	0	0	0	0.000577951
d__Bacteria;p__Bacteroidota;c__Bacteroidia;o__Chitinophagales;f__Saprospiraceae	0.000404608	0.000122303	0	0	0.008200956	0	0.000116173	0	0	0	0	0	0	0	0	0	0	0	0	0	0.000317864	0	0	0	0	0	0	0	0	0	0	0	0.004190146
d__Bacteria;p__Actinobacteriota;c__Actinobacteria;o__Frankiales;f__Frankiaceae	0.00039187	0	0	0	0	0	0	0.000257422	0	0	0	0	0	0	0	0	0	0	0	0	0.00152972	0	0	0	0	0	0	0.010752688	0	0	0	0	0
d__Bacteria;p__WOR-1;c__WOR-1;o__WOR-1;f__WOR-1	0.0003747	0	0	0	0	0	0	0	0	0	0	0	0	0	0	0	0	0	0	0	0	0.011990408	0	0	0	0	0	0	0	0	0	0	0
d__Bacteria;p__Firmicutes;c__Clostridia;o__Peptostreptococcales-Tissierellales;f__Anaerovoracaceae	0.000363118	0.000697847	0	0	0.000590395	0.001518772	0.001084284	3.43E-05	0.001346969	0.001473297	0	0	0	0	0.00043956	0	0	0	0	0.004434324	0	0	0	0	0	0	0	0	0	0	0	0	0
d__Bacteria;p__Verrucomicrobiota;c__Verrucomicrobiae;o__Pedosphaerales;f__Pedosphaeraceae	0.000362961	0.000978424	0	0	0.003145698	0.000789761	0.001568339	0	0.001147418	0.000900348	0	0	0	0	0	0	0	0	0	0	0.002145582	0	0	0	0	0	0	0	0	0	0	0	0.000939171
d__Bacteria;p__Firmicutes;c__Bacilli;o__Brevibacillales;f__Brevibacillaceae	0.000361729	0	0	0	0	0	0	0	0	0	0	0	0	0	0	0	0	0	0	0	0	0	0	0	0	0	0	0.007168459	0	0	0	0	0.004406878
d__Bacteria;p__Chloroflexi;c__Chloroflexia;o__Thermomicrobiales;f__JG30-KF-CM45	0.000360194	0	0	0	0	0	0	0.000102969	0	0	0	0	0	0	0	0	0	0	0	0	0.011423236	0	0	0	0	0	0	0	0	0	0	0	0
d__Bacteria;p__Proteobacteria;c__Gammaproteobacteria;o__Alteromonadales;f__Idiomarinaceae	0.000356872	0.005812991	0	0	0	0	0.004956725	0	0	0	0	0	0	0	0	0	0	0	0	0	0	0	0	0	0	0	0	0	0	0	0	0	0.000650195
d__Bacteria;p__Bacteroidota;c__Bacteroidia;o__Bacteroidales;f__Porphyromonadaceae	0.000355016	0	0	0	0	0	0	3.43E-05	0	0	0	0	0	0	0	0	0	0	0	0	0	0	0	0	0	0.00486618	0	0.005376344	0	0	0	0	0.001083658
d__Bacteria;p__Desulfobacterota;c__Syntrophobacteria;o__Syntrophobacterales;f__Syntrophobacteraceae	0.000352397	0.001964043	0	0	0.000996292	0.001802276	0.001684512	0	0.00154652	0.001964395	0	0	0	0	0.001318681	0	0	0	0	0	0	0	0	0	0	0	0	0	0	0	0	0	0
d__Bacteria;p__Actinobacteriota;c__Actinobacteria;o__Micrococcales;f__Microbacteriaceae	0.000349212	0	0	0	0	0	0	0.002368286	0	0	0	0	0	0	0	0	0	0	0	0	0.001509854	0	0	0	0	0	0	0	0	0	0	0	0.007296633
d__Bacteria;p__Planctomycetota;c__Planctomycetes;o__Gemmatales;f__Gemmataceae	0.000342403	0	0	0	0.004944558	0	0	0	0	0	0	0	0	0	0	0	0	0	0	0	0.005145423	0	0	0	0	0	0	0	0	0	0	0	0.000866927
d__Bacteria;p__Actinobacteriota;c__Actinobacteria;o__Frankiales;f__Sporichthyaceae	0.000341939	0	0	0	0.004234239	0	0	0	0	0	0	0	0	0	0	0	0	0	0	0	0.001072791	0	0	0	0	0	0	0	0	0	0	0	0.005635024
d__Bacteria;p__Armatimonadota;c__Chthonomonadetes;o__Chthonomonadales;f__Chthonomonadales	0.000328473	0.00117267	0	0	0.000830243	0.001964278	0.001219819	0	0.001396857	0.00216902	0	0	0	0	0.001758242	0	0	0	0	0	0	0	0	0	0	0	0	0	0	0	0	0	0
d__Bacteria;p__Proteobacteria;c__Alphaproteobacteria;__;__	0.000286779	0.000187052	0	0	0.000119924	0	5.81E-05	0.008374807	0	0	0	0	0	0	0	0	0	0	0	0	0.000437063	0	0	0	0	0	0	0	0	0	0	0	0
d__Bacteria;p__Firmicutes;c__Bacilli;o__Bacillales;__	0.00028525	0	0	0	0	0	0	0	0	0	0	0	0	0	0	0	0	0	0	0	0.000675461	0	0	0	0	0	0	0	0	0	0	0	0.008452536
d__Bacteria;p__Cyanobacteria;c__Cyanobacteriia;o__Cyanobacteriales;f__Coleofasciculaceae	0.000270411	0	0	0	0	0.000162002	0	5.15E-05	0	0	0	0	0	0	0	0	0	0	0	0	0.008006198	0	0	0	0	0	0	0	0	0	0	0	0.000433463
d__Bacteria;p__Dependentiae;c__Babeliae;o__Babeliales;f__UBA12409	0.000269784	0	0	0	0	0	0	0	0	0	0	0	0	0	0	0	0	0	0	0	0	0.008633094	0	0	0	0	0	0	0	0	0	0	0
d__Bacteria;p__NB1-j;c__NB1-j;o__NB1-j;f__NB1-j	0.000262639	0.004208663	0	0	0	0	0.003039867	0	0	0	0	0	0	0	0	0	0	0	0	0	0	0	0	0	0	0	0	0	0	0	0	0	0.001155902
d__Bacteria;p__Acidobacteriota;c__Vicinamibacteria;o__Vicinamibacterales;f__uncultured	0.000258281	0.000158275	0	0	0	0	0.000232347	0	0	0	0	0	0	0	0	0	0	0	0	0	0.007151939	0	0	0	0	0	0	0	0	0	0	0	0.000722439
d__Bacteria;p__Bdellovibrionota;c__Oligoflexia;o__0319-6G20;f__0319-6G20	0.000257366	5.04E-05	0	0	0.000258298	0	0	0	0	0	0	0	0	0	0	0	0	0	0	0	0.006436745	0	0.001490313	0	0	0	0	0	0	0	0	0	0
d__Bacteria;p__Bacteroidota;c__Bacteroidia;o__Cytophagales;f__Cyclobacteriaceae	0.000254619	0.000949647	0	0	0.004298814	0	0.000948748	0	0	0	0	0	0	0	0	0	0	0	0	0	0	0	0	0	0	0	0	0	0	0	0	0	0.001950585
d__Bacteria;p__Armatimonadota;c__Armatimonadia;o__Armatimonadales;f__Armatimonadales	0.000251432	0	0	0	0	4.05E-05	0	5.15E-05	0	0	0	0	0	0	0	0	0	0	0	0	0.007231405	0	0	0	0	0	0	0	0	0	0	0	0.000722439
d__Bacteria;p__Proteobacteria;__;__;__	0.000248714	0	0	0	6.46E-05	0	0	0.007894285	0	0	0	0	0	0	0	0	0	0	0	0	0	0	0	0	0	0	0	0	0	0	0	0	0
d__Bacteria;p__Cyanobacteria;c__Cyanobacteriia;o__Oxyphotobacteria_Incertae_Sedis;f__Unknown_Family	0.00024567	0	0	0	0.007260014	0	0	0	0	0	0	0	0	0	0	0	0	0	0	0	0.000456929	0	0	0	0	0	0	0	0	0	0	0	0.000144488
d__Bacteria;p__Planctomycetota;c__Planctomycetes;o__Isosphaerales;f__Isosphaeraceae	0.000244485	0	0	0	0.000498146	0	0	0.000137292	0	0	0	0	0	0	0	0	0	0	0	0	0.005959949	0	0	0	0	0	0	0	0	0	0	0	0.001228146
d__Bacteria;p__Spirochaetota;c__Leptospirae;o__Leptospirales;f__Leptospiraceae	0.000242731	0	0	0	0.007767384	0	0	0	0	0	0	0	0	0	0	0	0	0	0	0	0	0	0	0	0	0	0	0	0	0	0	0	0
d__Bacteria;p__Firmicutes;c__Syntrophomonadia;o__Syntrophomonadales;f__Syntrophomonadaceae	0.000236287	0.001187059	0	0	0.000765669	0.00070876	0.001471528	0	0.001696184	0.001145897	0	0	0	0	0.000586081	0	0	0	0	0	0	0	0	0	0	0	0	0	0	0	0	0	0
d__Bacteria;p__Proteobacteria;c__Gammaproteobacteria;o__Thiohalorhabdales;f__Thiohalorhabdaceae	0.000234817	0.00301441	0	0	0	0	0.00218793	0	0	0	0	0	0	0	0	0	0	0	0	0	0	0	0	0	0	0	0	0	0	0	0	0	0.002311805
d__Bacteria;p__Myxococcota;c__Polyangia;o__Polyangiales;f__Polyangiaceae	0.000222856	0	0	0	0.000138374	0	0	0	0	0	0	0	0	0	0	0	0	0	0	0	0.006993007	0	0	0	0	0	0	0	0	0	0	0	0
d__Bacteria;p__Proteobacteria;c__Gammaproteobacteria;o__Enterobacterales;f__Erwiniaceae	0.000220211	0	0	0	0	0	0	0.005834906	0	0	0	0	0	0	0	0	0	0	0	0	0.001211856	0	0	0	0	0	0	0	0	0	0	0	0
d__Bacteria;p__Cyanobacteria;c__Cyanobacteriia;o__Phormidesmiales;f__Nodosilineaceae	0.000203379	0	0	0	0.006291397	0	0	0	0	0	0	0	0	0	0	0	0	0	0	0	0	0	0	0	0	0	0	0	0	0	0	0	0.000216732
d__Bacteria;p__Bacteroidota;c__Kapabacteria;o__Kapabacteriales;f__Kapabacteriales	0.000190975	0.000244606	0	0	0.003247173	0.000648009	0.000387244	0	0.000498878	0.000491099	0	0	0	0	0	0	0	0	0	0	0.000377463	0	0	0	0	0	0	0	0	0	0	0	0.000216732
d__Bacteria;p__Chloroflexi;c__Chloroflexia;o__Chloroflexales;f__Roseiflexaceae	0.000183722	0	0	0	0.000488921	0	0	0.000188776	0	0	0	0	0	0	0	0	0	0	0	0	0.004767959	0	0	0	0	0	0	0	0	0	0	0	0.000433463
d__Bacteria;p__Actinobacteriota;c__Actinobacteria;o__Actinomycetales;f__Actinomycetaceae	0.000182378	0	0	0	0	0	0	0	0	0	0	0	0	0	0	0	0	0	0	0.001198466	0	0.002398082	0	0	0	0	0	0	0	0	0	0	0.002239561
d__Bacteria;p__Chloroflexi;c__TK10;o__TK10;f__TK10	0.000181972	0	0	0	1.84E-05	0	0	0	0	0	0	0	0	0	0	0	0	0	0	0	0.00544342	0	0	0	0	0	0	0	0	0	0	0	0.000361219
d__Bacteria;p__Cyanobacteria;c__Vampirivibrionia;o__Obscuribacterales;f__Obscuribacteraceae	0.000181027	0	0	0	0.000138374	0	0	0	0	0	0	0	0	0	0	0	0	0	0	0	0.000278131	0	0	0	0	0	0	0.005376344	0	0	0	0	0
d__Bacteria;p__Proteobacteria;c__Gammaproteobacteria;o__Coxiellales;f__Coxiellaceae	0.000178808	0.003424485	0	0	8.30E-05	0	0.001936221	0	0	0	0	0	0	0	0	0	0	0	0	0	0.000278131	0	0	0	0	0	0	0	0	0	0	0	0
d__Bacteria;p__Cyanobacteria;c__Cyanobacteriia;o__Cyanobacteriales;f__Microcystaceae	0.000172885	0	0	0	0.00112544	0	0	0	0	0	0	0	0	0	0	0	0	0	0	0	0	0	0	0	0	0	0	0	0	0	0	0	0.004406878
d__Bacteria;p__Bacteroidota;c__Bacteroidia;o__Cytophagales;f__Cytophagaceae	0.000172198	0	0	0	4.61E-05	0	0	0.00012013	0	0	0	0	0	0	0	0	0	0	0	0	0.005344088	0	0	0	0	0	0	0	0	0	0	0	0
d__Bacteria;p__Actinobacteriota;c__Thermoleophilia;o__Gaiellales;f__uncultured	0.000171957	0.00010072	0	0	0	0	0	0	0	0	0	0	0	0	0	0	0	0	0	0	0.004390496	0	0	0	0	0	0	0	0	0	0	0	0.001011415
d__Archaea;p__Crenarchaeota;c__Nitrososphaeria;o__Nitrosopumilales;f__Nitrosopumilaceae	0.00017158	0.002992827	0	0	0	0	0.002497725	0	0	0	0	0	0	0	0	0	0	0	0	0	0	0	0	0	0	0	0	0	0	0	0	0	0
d__Bacteria;p__Firmicutes;c__Clostridia;__;__	0.000168274	0.000597127	0	0	0.00054427	0.000607509	0.000542142	0	0.001297082	0.001064047	0	0	0	0	0.000732601	0	0	0	0	0	0	0	0	0	0	0	0	0	0	0	0	0	0
d__Bacteria;p__Verrucomicrobiota;c__Verrucomicrobiae;o__Verrucomicrobiales;f__Rubritaleaceae	0.000167825	0.001107922	0	0	0.000461246	0	0.001200457	0	0	0	0	0	0	0	0	0	0	0	0	0	0	0	0	0	0	0	0	0	0	0	0	0	0.00260078
d__Bacteria;p__Chloroflexi;c__Ktedonobacteria;o__C0119;f__C0119	0.000165084	0	0	0	0	0	0	0	0	0	0	0	0	0	0	0	0	0	0	0	0.005065957	0	0	0	0	0	0	0	0	0	0	0	0.000216732
d__Bacteria;p__Firmicutes;c__Bacilli;o__Lactobacillales;f__Carnobacteriaceae	0.000160603	0	0	0	0	0	0	0.000154453	0	0	0	0	0	0	0	0	0	0	0	0	0	0	0	0	0	0	0	0	0	0	0	0	0.004984829
d__Bacteria;p__Actinobacteriota;c__Actinobacteria;o__Micrococcales;f__Cellulomonadaceae	0.000160174	0	0	0	0	0	0	0	0	0	0	0	0	0	0	0	0	0	0	0	0.005125556	0	0	0	0	0	0	0	0	0	0	0	0
d__Bacteria;p__Acidobacteriota;c__Vicinamibacteria;o__Vicinamibacterales;f__Vicinamibacteraceae	0.000157851	0	0	0	0.000156824	0	0	0	0	0	0	0	0	0	0	0	0	0	0	0	0.004171964	0	0	0	0	0	0	0	0	0	0	0	0.000722439
d__Bacteria;p__Actinobacteriota;c__Actinobacteria;o__Frankiales;f__uncultured	0.000155828	0	0	0	0	0	0	0	0	0	0	0	0	0	0	0	0	0	0	0	0.004986491	0	0	0	0	0	0	0	0	0	0	0	0
d__Bacteria;p__Bacteroidota;c__Bacteroidia;o__Chitinophagales;f__uncultured	0.000154441	0.000115109	0	0	0.004114315	0	9.68E-05	0	0	0	0	0	0	0	0	0	0	0	0	0	0.000615861	0	0	0	0	0	0	0	0	0	0	0	0
d__Bacteria;p__Desulfobacterota;c__Desulfuromonadia;o__Desulfuromonadia;f__Geopsychrobacteraceae	0.000154379	0	0	0	0	0	0	0	9.98E-05	0	0	0	0	0	0	0	0	0	0	0	0	0	0	0	0	0	0	0	0	0	0	0	0.004840341
d__Bacteria;p__Actinobacteriota;c__Acidimicrobiia;o__uncultured;f__uncultured	0.000153945	0	0	0	0	6.08E-05	0	0	0	0	0	0	0	0	0	0	0	0	0	0	0.00464876	0	0	0	0	0	0	0	0	0	0	0	0.000216732
d__Bacteria;p__Fusobacteriota;c__Fusobacteriia;o__Fusobacteriales;f__Leptotrichiaceae	0.000151261	0	0	0	0	0	0	0	0	0	0	0	0	0	0	0	0	0	0	0	0	0	0	0	0	0	0	0	0	0	0	0	0.004840341
d__Bacteria;p__Proteobacteria;c__Alphaproteobacteria;o__Rhizobiales;f__Labraceae	0.000149843	0	0	0	0	0	0	0.003277845	0	0	0	0	0	0	0	0	0	0	0	0	0	0	0	0	0	0	0	0	0	0	0	0	0.001517122
d__Bacteria;p__Proteobacteria;c__Alphaproteobacteria;o__Tistrellales;f__Geminicoccaceae	0.000148866	0	0	0	5.53E-05	0	0	0	0	0	0	0	0	0	0	0	0	0	0	0	0.00470836	0	0	0	0	0	0	0	0	0	0	0	0
d__Bacteria;p__Proteobacteria;c__Alphaproteobacteria;o__Azospirillales;f__Azospirillaceae	0.000145601	9.35E-05	0	0	0	0	0	0	0	0	0	0	0	0	0	0	0	0	0	0	0.004132231	0	0	0	0	0	0	0	0	0	0	0	0.000433463
d__Bacteria;p__Proteobacteria;c__Gammaproteobacteria;o__Burkholderiales;f__Rhodocyclaceae	0.000142811	0.000741013	0	0	0	0	0	0	0	0	0	0	0	0	0	0	0	0	0	0	0	0	0	0	0	0	0	0	0	0	0	0	0.003828926
d__Eukaryota;p__Parabasalia;c__Spirotrichonymphea;o__pool_A_symbiont_group;f__pool_A_symbiont_group	0.000142025	0.0021439	0	0	0	0	0.002400914	0	0	0	0	0	0	0	0	0	0	0	0	0	0	0	0	0	0	0	0	0	0	0	0	0	0
d__Bacteria;p__Firmicutes;c__Clostridia;o__Oscillospirales;f__uncultured	0.000141083	0.000733818	0	0	0.000387447	0.001012515	0.001045559	0	0.000598653	0.000736648	0	0	0	0	0	0	0	0	0	0	0	0	0	0	0	0	0	0	0	0	0	0	0
d__Bacteria;p__Chloroflexi;c__Anaerolineae;o__SBR1031;f__A4b	0.000139291	0	0	0	0.003293297	0	0	5.15E-05	0	0	0	0	0	0	0	0	0	0	0	0	0.001112524	0	0	0	0	0	0	0	0	0	0	0	0
d__Bacteria;p__Cyanobacteria;c__Cyanobacteriia;o__Eurycoccales;f__uncultured	0.000139239	0	0	0	0.004455637	0	0	0	0	0	0	0	0	0	0	0	0	0	0	0	0	0	0	0	0	0	0	0	0	0	0	0	0
d__Bacteria;p__Cyanobacteria;c__Cyanobacteriia;o__Cyanobacteriales;f__Chroococcidiopsaceae	0.000138867	0	0	0	0.000212173	0	0	0	0	0	0	0	0	0	0	0	0	0	0	0	0.004231564	0	0	0	0	0	0	0	0	0	0	0	0
d__Bacteria;p__Verrucomicrobiota;c__Verrucomicrobiae;o__Verrucomicrobiales;f__DEV007	0.000135265	0.000762595	0	0	0.002675227	0	0.000890662	0	0	0	0	0	0	0	0	0	0	0	0	0	0	0	0	0	0	0	0	0	0	0	0	0	0
d__Bacteria;p__Planctomycetota;c__Planctomycetes;o__Planctomycetales;f__Rubinisphaeraceae	0.000130598	0.001546774	0	0	0.000110699	0	0.001510252	0	0	0	0	0	0	0	0	0	0	0	0	0	0	0	0	0	0	0	0	0	0	0	0	0	0.001011415
d__Bacteria;p__Myxococcota;c__Polyangia;o__Haliangiales;f__Haliangiaceae	0.00013	2.88E-05	0	0	0	0	3.87E-05	0	0	0	0	0	0	0	0	0	0	0	0	0	0.004092498	0	0	0	0	0	0	0	0	0	0	0	0
d__Bacteria;p__Chloroflexi;c__KD4-96;o__KD4-96;f__KD4-96	0.000128843	5.04E-05	0	0	0	0	0	0	0	0	0	0	0	0	0	0	0	0	0	0	0.004072632	0	0	0	0	0	0	0	0	0	0	0	0
d__Bacteria;p__Acidobacteriota;c__Thermoanaerobaculia;o__Thermoanaerobaculales;f__Thermoanaerobaculaceae	0.000128388	5.76E-05	0	0	0.002177082	0	0	8.58E-05	0	0	0	0	0	0	0	0	0	0	0	0	0.001787985	0	0	0	0	0	0	0	0	0	0	0	0
d__Bacteria;p__Verrucomicrobiota;c__Lentisphaeria;o__Victivallales;f__vadinBE97	0.000127977	0.000776984	0	0	0.000350547	0.000445506	0.001123008	0	0.000498878	0.000900348	0	0	0	0	0	0	0	0	0	0	0	0	0	0	0	0	0	0	0	0	0	0	0
d__Bacteria;p__Campilobacterota;c__Campylobacteria;o__Campylobacterales;f__Sulfurospirillaceae	0.000125509	0.000115109	0	0	0	0	0	0	0	0	0	0	0	0	0	0	0	0	0	0	0	0	0	0	0	0	0	0	0	0	0	0	0.00390117
d__Bacteria;p__Proteobacteria;c__Alphaproteobacteria;o__Rhizobiales;f__uncultured	0.000122924	0	0	0	0	0	0	0	0	0	0	0	0	0	0	0	0	0	0	0	0.003933566	0	0	0	0	0	0	0	0	0	0	0	0
d__Bacteria;p__Proteobacteria;c__Alphaproteobacteria;o__Rhizobiales;f__Hyphomicrobiaceae	0.000122185	0	0	0	0.003671519	0	0	0	0	0	0	0	0	0	0	0	0	0	0	0	0.000238398	0	0	0	0	0	0	0	0	0	0	0	0
d__Bacteria;p__Armatimonadota;c__uncultured;o__uncultured;f__uncultured	0.000119199	0	0	0	0	0	0	0	0	0	0	0	0	0	0	0	0	0	0	0	0.003814367	0	0	0	0	0	0	0	0	0	0	0	0
d__Bacteria;p__Bacteroidota;c__Bacteroidia;o__Sphingobacteriales;f__Lentimicrobiaceae	0.000118213	0.000913676	0	0	0.000378222	0.000445506	0.000774488	0	0.000299327	0.000532024	0	0	0	0	0.00043956	0	0	0	0	0	0	0	0	0	0	0	0	0	0	0	0	0	0
d__Bacteria;p__Actinobacteriota;c__Coriobacteriia;o__Coriobacteriales;f__Coriobacteriaceae	0.000117372	1.44E-05	0	0	3.69E-05	0	0	0	0	0	0	0	0	0	0	0	0	0	0	0.003415628	0	0	0	0	0	0	0	0	0	0	0	0	0.000288976
d__Bacteria;p__Firmicutes;c__Bacilli;o__Lactobacillales;f__Enterococcaceae	0.000117352	0	0	0	0	0.000243004	0	0.000360391	0	0	0	0	0	0	0	0	0	0	0	0.002396932	0.000754927	0	0	0	0	0	0	0	0	0	0	0	0
d__Bacteria;p__Proteobacteria;c__Alphaproteobacteria;o__SAR11_clade;f__Clade_III	0.000109185	0	0	0	0.000387447	0	0	0	0	0	0	0	0	0	0	0	0	0	0	0	0	0	0	0	0	0	0	0	0	0	0	0	0.003106488
d__Bacteria;p__Proteobacteria;c__Gammaproteobacteria;__;__	0.000108274	0.0016403	0	0	0.000129149	0	0.001200457	0	0	0	0	0	0	0	0	0	0	0	0	0	0.000278131	0	0	0	0	0	0	0	0	0	0	0	0.000216732
d__Bacteria;p__Actinobacteriota;c__Acidimicrobiia;o__Microtrichales;f__Ilumatobacteraceae	0.00010759	0	0	0	8.30E-05	0	0.000116173	0	0	0	0	0	0	0	0	0	0	0	0	0	0.002304514	0	0	0	0	0	0	0	0	0	0	0	0.000939171
d__Bacteria;p__Planctomycetota;c__OM190;o__OM190;f__OM190	0.000106801	0.001266196	0	0	0.00061807	0	0.00131663	0	0	0	0	0	0	0	0	0	0	0	0	0	0	0	0	0	0	0	0	0	0	0	0	0	0.000216732
d__Bacteria;p__Proteobacteria;c__Gammaproteobacteria;o__Burkholderiales;f__Sutterellaceae	0.000104866	0	0	0	0	0	0	0	0	0	0	0	0	0	0	0	0	0	0	0.003355705	0	0	0	0	0	0	0	0	0	0	0	0	0
d__Bacteria;p__Proteobacteria;c__Gammaproteobacteria;o__Gammaproteobacteria_Incertae_Sedis;f__Unknown_Family	0.000102132	0.001589939	0	0	8.30E-05	0	0.001297268	0	0	0	0	0	0	0	0	0	0	0	0	0	0.000297997	0	0	0	0	0	0	0	0	0	0	0	0
d__Bacteria;p__Verrucomicrobiota;c__Lentisphaeria;o__Lentisphaerales;f__Lentisphaeraceae	0.000100462	0.001762603	0	0	0	0	0.001452166	0	0	0	0	0	0	0	0	0	0	0	0	0	0	0	0	0	0	0	0	0	0	0	0	0	0
d__Bacteria;p__Campilobacterota;c__Campylobacteria;o__Campylobacterales;f__Campylobacteraceae	0.000100296	0	0	0	0	0	0	0.000102969	0	0	0	0	0	0	0	0	0	0	0	0	0	0	0	0	0	0	0	0	0	0	0	0	0.003106488
d__Bacteria;p__Actinobacteriota;c__Actinobacteria;o__Corynebacteriales;f__Nocardiaceae	9.59084E-05	0	0	0	0	0	0	0.000892397	0	0	0	0	0	0	0	0.001598721	0	0	0	0	0	0	0	0	0	0	0	0	0	0	0	0	0.000577951
d__Bacteria;p__Acidobacteriota;c__Holophagae;o__Subgroup_7;f__Subgroup_7	9.56075E-05	0	0	0	0	0	0	0	0	0	0	0	0	0	0	0	0	0	0	0	0.003059441	0	0	0	0	0	0	0	0	0	0	0	0
d__Bacteria;p__Proteobacteria;c__Alphaproteobacteria;o__Micavibrionales;f__uncultured	9.53967E-05	0	0	0	1.84E-05	0	0	0	0	0	0	0	0	0	0	0	0	0	0	0	0	0	0	0	0	0	0	0	0	0	0	0	0.003034244
d__Bacteria;p__Proteobacteria;c__Gammaproteobacteria;o__Cellvibrionales;f__Spongiibacteraceae	9.43313E-05	0.001539579	0	0	0	0	0.001045559	0	0	0	0	0	0	0	0	0	0	0	0	0	0	0	0	0	0	0	0	0	0	0	0	0	0.000433463
d__Bacteria;p__Myxococcota;c__Polyangia;o__Polyangiales;f__Sandaracinaceae	9.18825E-05	0	0	0	0	0	0	0	0	0	0	0	0	0	0	0	0	0	0	0	0.002940242	0	0	0	0	0	0	0	0	0	0	0	0
d__Bacteria;p__Actinobacteriota;c__Actinobacteria;o__Corynebacteriales;f__Corynebacteriaceae	9.1859E-05	9.35E-05	0	0	0	0	9.68E-05	0.001304273	0	0	0	0	0	0	0	0	0	0	0	0	0	0	0	0	0	0	0	0	0	0	0	0	0.001444878
d__Bacteria;p__Campilobacterota;c__Campylobacteria;o__Campylobacterales;f__Sulfurovaceae	9.10356E-05	0.001402888	0	0	0	0	0.001510252	0	0	0	0	0	0	0	0	0	0	0	0	0	0	0	0	0	0	0	0	0	0	0	0	0	0
d__Bacteria;p__Proteobacteria;c__Alphaproteobacteria;o__Elsterales;f__uncultured	9.06409E-05	0	0	0	0	0	0	0	0	0	0	0	0	0	0	0	0	0	0	0	0.002900509	0	0	0	0	0	0	0	0	0	0	0	0
d__Bacteria;p__Firmicutes;c__Bacilli;o__Staphylococcales;f__Gemellaceae	9.03049E-05	0	0	0	0	0	0	0	0	0	0	0	0	0	0	0	0	0	0	0	0	0	0	0	0	0	0	0	0	0	0	0	0.002889756
d__Bacteria;p__Verrucomicrobiota;c__Kiritimatiellae;o__WCHB1-41;f__WCHB1-41	8.99144E-05	0.001618717	0	0	0	0	0.001258544	0	0	0	0	0	0	0	0	0	0	0	0	0	0	0	0	0	0	0	0	0	0	0	0	0	0
d__Bacteria;p__Bacteroidota;c__Bacteroidia;o__Flavobacteriales;f__NS9_marine_group	8.6153E-05	0.001460442	0	0	9.22E-05	0	0.000987473	0	0	0	0	0	0	0	0	0	0	0	0	0	0	0	0	0	0	0	0	0	0	0	0	0	0.000216732
d__Bacteria;p__Actinobacteriota;c__Coriobacteriia;o__Coriobacteriales;f__Eggerthellaceae	8.54222E-05	0	0	0	0	0	0	0	0	0	0	0	0	0	0	0	0	0	0	0.002516779	0	0	0	0	0	0	0	0	0	0	0	0	0.000216732
d__Bacteria;p__Armatimonadota;c__Fimbriimonadia;o__Fimbriimonadales;f__Fimbriimonadaceae	8.49719E-05	0	0	0	0	0	0	0.000223099	0	0	0	0	0	0	0	0	0	0	0	0	0.000834393	0	0	0	0	0	0	0	0	0	0	0	0.00166161
d__Bacteria;p__Proteobacteria;c__Gammaproteobacteria;o__Oceanospirillales;f__Alcanivoracaceae1	8.46936E-05	0.001625911	0	0	0	0	0.001084284	0	0	0	0	0	0	0	0	0	0	0	0	0	0	0	0	0	0	0	0	0	0	0	0	0	0
d__Bacteria;p__Proteobacteria;c__Gammaproteobacteria;o__Alteromonadales;f__Colwelliaceae	8.42505E-05	0.001352528	0	0	0	0	0.000910024	0	0	0	0	0	0	0	0	0	0	0	0	0	0	0	0	0	0	0	0	0	0	0	0	0	0.000433463
d__Bacteria;p__Cyanobacteria;c__Cyanobacteriia;o__Cyanobacteriales;f__uncultured	8.25365E-05	0	0	0	0.000119924	0	0	0	0	0	0	0	0	0	0	0	0	0	0	0	0.002304514	0	0	0	0	0	0	0	0	0	0	0	0.000216732
d__Bacteria;p__Actinobacteriota;c__Acidimicrobiia;o__Microtrichales;f__uncultured	8.16965E-05	0	0	0	0	0	0	0.00012013	0	0	0	0	0	0	0	0	0	0	0	0	0.002205181	0	0	0	0	0	0	0	0	0	0	0	0.000288976
d__Bacteria;p__Bacteroidota;c__Bacteroidia;o__Flavobacteriales;f__Crocinitomicaceae	8.06093E-05	0.00097123	0	0	8.30E-05	0	0.000658315	0	0	0	0	0	0	0	0	0	0	0	0	0	0	0	0	0	0	0	0	0	0	0	0	0	0.000866927
d__Bacteria;p__Acidobacteriota;c__Acidobacteriae;o__Acidobacteriae;f__Acidobacteriae	7.98845E-05	0.00015108	0	0	0.000691869	0.000546758	0.000290433	0	0.000548765	0.000327399	0	0	0	0	0	0	0	0	0	0	0	0	0	0	0	0	0	0	0	0	0	0	0
d__Bacteria;p__Actinobacteriota;c__Thermoleophilia;o__Solirubrobacterales;__	7.95237E-05	0	0	0	0	0	0	0	0	0	0	0	0	0	0	0	0	0	0	0	0.001172123	0	0	0	0	0	0	0	0	0	0	0	0.001372634
d__Bacteria;p__Proteobacteria;c__Gammaproteobacteria;o__Oceanospirillales;f__Halomonadaceae	7.89502E-05	0.000165469	0	0	0	0	0.000193622	0	0	0	0	0	0	0	0	0	0	0	0	0	0	0	0	0	0	0	0	0	0	0	0	0	0.002167317
d__Bacteria;p__Bdellovibrionota;c__Bdellovibrionia;o__Bdellovibrionales;f__Bdellovibrionaceae	7.80387E-05	0.000172663	0	0	0.000516596	0	0.000135535	0.000102969	0	0	0	0	0	0	0	0	0	0	0	0	0.000774793	0	0	0	0	0	0	0	0	0	0	0	0.000794683
d__Bacteria;p__Proteobacteria;c__Gammaproteobacteria;o__Oceanospirillales;f__Nitrincolaceae	7.67591E-05	0	0	0	0	0	0	0	0	0	0	0	0	0	0	0	0	0	0	0	0	0	0	0	0	0	0	0	0	0	0	0	0.002456292
d__Bacteria;p__Elusimicrobiota;c__Elusimicrobia;o__Lineage_IV;f__Lineage_IV	7.67532E-05	0.000431658	0	0	0.000193723	0.000222753	0.000445331	0	0.000548765	0.000613874	0	0	0	0	0	0	0	0	0	0	0	0	0	0	0	0	0	0	0	0	0	0	0
d__Bacteria;p__Firmicutes;c__Clostridia;o__Eubacteriales;f__Anaerofustaceae	7.66867E-05	0.000294966	0	0	0.000322872	0.000263254	0.000387244	0	0.00044899	0.000736648	0	0	0	0	0	0	0	0	0	0	0	0	0	0	0	0	0	0	0	0	0	0	0
d__Bacteria;p__Proteobacteria;c__Alphaproteobacteria;o__Rhizobiales;f__Devosiaceae	7.53772E-05	0.000338132	0	0	0	0	0.000290433	0.000154453	0	0	0	0	0	0	0	0	0	0	0	0	0.001629053	0	0	0	0	0	0	0	0	0	0	0	0
d__Bacteria;p__Bacteroidota;c__Bacteroidia;o__Flavobacteriales;f__Cryomorphaceae	7.44212E-05	0.001316556	0	0	0	0	0.001064921	0	0	0	0	0	0	0	0	0	0	0	0	0	0	0	0	0	0	0	0	0	0	0	0	0	0
d__Bacteria;p__Proteobacteria;c__Alphaproteobacteria;o__Rickettsiales;f__Rickettsiaceae	6.87302E-05	0.000546767	0	0	0.001134665	0	0.000329158	0.000188776	0	0	0	0	0	0	0	0	0	0	0	0	0	0	0	0	0	0	0	0	0	0	0	0	0
d__Bacteria;p__Actinobacteriota;c__Actinobacteria;o__Corynebacteriales;f__Mycobacteriaceae	6.54951E-05	0.00010072	0	0	0	0	0	0.001458727	0	0	0	0	0	0	0	0	0	0	0	0	0.000536395	0	0	0	0	0	0	0	0	0	0	0	0
d__Bacteria;p__Bacteroidota;c__Bacteroidia;o__Sphingobacteriales;f__env.OPS_17	6.51307E-05	0	0	0	0	0	0	0	0	0	0	0	0	0	0	0	0	0	0	0	0.001867451	0	0	0	0	0	0	0	0	0	0	0	0.000216732
d__Bacteria;p__Proteobacteria;c__Gammaproteobacteria;o__Nitrosococcales;f__Nitrosococcaceae	6.45676E-05	0	0	0	0	0	0	0	0	0	0	0	0	0	0	0	0	0	0	0	0.000476796	0	0	0	0	0	0	0	0	0	0	0	0.001589366
d__Bacteria;p__Actinobacteriota;c__Actinobacteria;o__Micrococcales;f__Brevibacteriaceae	6.43556E-05	0	0	0	0	0	0	0.002059379	0	0	0	0	0	0	0	0	0	0	0	0	0	0	0	0	0	0	0	0	0	0	0	0	0
d__Bacteria;p__Firmicutes;c__Bacilli;o__Entomoplasmatales;f__Entomoplasmatales_Incertae_Sedis	6.28526E-05	0.001043173	0	0	0	0	0.00096811	0	0	0	0	0	0	0	0	0	0	0	0	0	0	0	0	0	0	0	0	0	0	0	0	0	0
d__Bacteria;p__Actinobacteriota;c__Actinobacteria;o__0319-7L14;f__0319-7L14	6.22523E-05	0	0	0	0	0	0	0	0	0	0	0	0	0	0	0	0	0	0	0	0.001847584	0	0	0	0	0	0	0	0	0	0	0	0.000144488
d__Bacteria;p__Patescibacteria;c__Parcubacteria;o__Candidatus_Kaiserbacteria;f__Candidatus_Kaiserbacteria	6.12317E-05	0	0	0	0.000249073	0	0	0	0	0	0	0	0	0	0	0	0	0	0	0	0.00113239	0	0	0	0	0	0	0	0	0	0	0	0.000577951
d__Bacteria;p__Actinobacteriota;c__Actinobacteria;o__Micrococcales;f__Dermabacteraceae	6.11378E-05	0	0	0	0	0	0	0.00195641	0	0	0	0	0	0	0	0	0	0	0	0	0	0	0	0	0	0	0	0	0	0	0	0	0
d__Bacteria;p__Actinobacteriota;c__Actinobacteria;__;__	6.04467E-05	0	0	0	0	0	0	0	0	0	0	0	0	0	0	0	0	0	0	0	0.001211856	0	0	0	0	0	0	0	0	0	0	0	0.000722439
d__Bacteria;p__Caldisericota;c__Caldisericia;o__Caldisericales;f__Caldisericaceae	6.033E-05	0.000266189	0	0	0.000156824	0.000182253	0.000580866	0	0.000498878	0.000245549	0	0	0	0	0	0	0	0	0	0	0	0	0	0	0	0	0	0	0	0	0	0	0
d__Bacteria;p__Proteobacteria;c__Gammaproteobacteria;o__Burkholderiales;f__Nitrosomonadaceae	5.6848E-05	0	0	0	0.001540562	0	0	0	9.98E-05	0	0	0	0	0	0	0	0	0	0	0	0.000178798	0	0	0	0	0	0	0	0	0	0	0	0
d__Bacteria;p__Proteobacteria;c__Gammaproteobacteria;o__Salinisphaerales;f__Solimonadaceae	5.65494E-05	0	0	0	0.001706611	0	0	0.000102969	0	0	0	0	0	0	0	0	0	0	0	0	0	0	0	0	0	0	0	0	0	0	0	0	0
d__Bacteria;p__Bacteroidota;c__Bacteroidia;o__Cytophagales;f__Amoebophilaceae	5.61277E-05	0.000877704	0	0	0	0	0.000832575	8.58E-05	0	0	0	0	0	0	0	0	0	0	0	0	0	0	0	0	0	0	0	0	0	0	0	0	0
d__Bacteria;p__Nitrospirota;c__Nitrospiria;o__Nitrospirales;f__Nitrospiraceae	5.58183E-05	0	0	0	0	0	0	0	0	0	0	0	0	0	0	0	0	0	0	0	0.001569453	0	0	0	0	0	0	0	0	0	0	0	0.000216732
d__Bacteria;p__Planctomycetota;c__Planctomycetes;o__Planctomycetales;f__uncultured	5.47586E-05	0.000115109	0	0	0.000332097	0	9.68E-05	0	0	0	0	0	0	0	0	0	0	0	0	0	0.000774793	0	0	0	0	0	0	0	0	0	0	0	0.000433463
d__Bacteria;p__Firmicutes;c__Bacilli;o__Alicyclobacillales;f__Alicyclobacillaceae	5.2094E-05	0	0	0	0	0	0	0	0	0	0	0	0	0	0	0	0	0	0	0	0.000655594	0	0	0	0	0	0	0	0	0	0	0	0.001011415
d__Bacteria;p__Verrucomicrobiota;c__Verrucomicrobiae;o__Verrucomicrobiales;f__Verrucomicrobiaceae	5.16426E-05	0	0	0	0	0	0	0	0	0	0	0	0	0	0	0	0	0	0	0	0.000496662	0	0	0	0	0	0	0	0	0	0	0	0.001155902
d__Bacteria;p__Deinococcota;c__Deinococci;o__Deinococcales;f__Deinococcaceae	5.05173E-05	0	0	0	0	0	0	0.000240261	0	0	0	0	0	0	0	0	0	0	0	0.001018696	0.000357597	0	0	0	0	0	0	0	0	0	0	0	0
d__Bacteria;p__Planctomycetota;c__BD7-11;o__BD7-11;f__BD7-11	4.98602E-05	0.000647487	0	0	0.000405897	0	0.000542142	0	0	0	0	0	0	0	0	0	0	0	0	0	0	0	0	0	0	0	0	0	0	0	0	0	0
d__Bacteria;p__Verrucomicrobiota;c__Chlamydiae;o__Chlamydiales;f__Simkaniaceae	4.94822E-05	0.00071943	0	0	0.000147599	0	0.000716402	0	0	0	0	0	0	0	0	0	0	0	0	0	0	0	0	0	0	0	0	0	0	0	0	0	0
d__Bacteria;p__Chloroflexi;c__Chloroflexia;o__Kallotenuales;__	4.88764E-05	0	0	0	0	0	0	3.43E-05	0	0	0	0	0	0	0	0	0	0	0	0	0.00152972	0	0	0	0	0	0	0	0	0	0	0	0
d__Bacteria;p__Bacteroidota;c__Bacteroidia;o__Sphingobacteriales;f__NS11-12_marine_group	4.87644E-05	0	0	0	0.00119924	0	0	0	0	0	0	0	0	0	0	0	0	0	0	0	0	0	0	0	0	0	0	0	0	0	0	0	0.000361219
d__Bacteria;p__Chloroflexi;c__Anaerolineae;o__SBR1031;f__SBR1031	4.7984E-05	0	0	0	0.000701094	0	0	0	0	0	0	0	0	0	0	0	0	0	0	0	0.000834393	0	0	0	0	0	0	0	0	0	0	0	0
d__Bacteria;p__Proteobacteria;c__Alphaproteobacteria;o__Rhizobiales;f__Rhizobiales_Incertae_Sedis	4.79191E-05	0	0	0	0.001116216	0	0	0	0	0	0	0	0	0	0	0	0	0	0	0	0.000417196	0	0	0	0	0	0	0	0	0	0	0	0
d__Bacteria;p__Proteobacteria;c__Gammaproteobacteria;o__Enterobacterales;__	4.77304E-05	0	0	0	0	0	0	0.001527373	0	0	0	0	0	0	0	0	0	0	0	0	0	0	0	0	0	0	0	0	0	0	0	0	0
d__Bacteria;p__Chloroflexi;c__Anaerolineae;o__Ardenticatenales;f__Ardenticatenaceae	4.59413E-05	0	0	0	0	0	0	0	0	0	0	0	0	0	0	0	0	0	0	0	0.001470121	0	0	0	0	0	0	0	0	0	0	0	0
d__Bacteria;p__Sumerlaeota;c__Sumerlaeia;o__Sumerlaeales;f__Sumerlaeaceae	4.42781E-05	5.04E-05	0	0	5.53E-05	0	0	0	0	0	0	0	0	0	0	0	0	0	0	0	0.001311189	0	0	0	0	0	0	0	0	0	0	0	0
d__Bacteria;p__Proteobacteria;c__Gammaproteobacteria;o__Steroidobacterales;f__Steroidobacteraceae	4.3458E-05	0	0	0	0	0	0	0	0	0	0	0	0	0	0	0	0	0	0	0	0.001390655	0	0	0	0	0	0	0	0	0	0	0	0
d__Bacteria;p__Actinobacteriota;c__Coriobacteriia;o__Coriobacteriales;f__Atopobiaceae	4.28948E-05	0	0	0	0	0	0	0	0	0	0	0	0	0	0	0	0	0	0	0	0	0	0	0	0	0	0	0	0	0	0	0	0.001372634
d__Bacteria;p__Proteobacteria;c__Alphaproteobacteria;o__Rhodospirillales;f__uncultured	4.04123E-05	0	0	0	0	0	0	0.000137292	0	0	0	0	0	0	0	0	0	0	0	0	0	0	0	0	0	0	0	0	0	0	0	0	0.001155902
d__Bacteria;p__Proteobacteria;c__Gammaproteobacteria;o__Arenicellales;f__Arenicellaceae	4.00125E-05	0.000776984	0	0	0	0	0.000503417	0	0	0	0	0	0	0	0	0	0	0	0	0	0	0	0	0	0	0	0	0	0	0	0	0	0
d__Bacteria;p__Chloroflexi;c__Gitt-GS-136;o__Gitt-GS-136;f__Gitt-GS-136	3.90559E-05	0	0	0	0	0	0	0	0	0	0	0	0	0	0	0	0	0	0	0	0.001033058	0	0	0	0	0	0	0	0	0	0	0	0.000216732
d__Bacteria;p__Proteobacteria;c__Alphaproteobacteria;o__Rhizobiales;__	3.84945E-05	0	0	0	0.000774893	0	0	0	0	0	0	0	0	0	0	0	0	0	0	0	0.000456929	0	0	0	0	0	0	0	0	0	0	0	0
d__Bacteria;p__Firmicutes;c__Clostridia;o__Peptostreptococcales-Tissierellales;f__Thermotaleaceae	3.77282E-05	0.000568349	0	0	0	0	0.000638953	0	0	0	0	0	0	0	0	0	0	0	0	0	0	0	0	0	0	0	0	0	0	0	0	0	0
d__Bacteria;p__Actinobacteriota;c__Actinobacteria;o__Frankiales;__	3.72497E-05	0	0	0	0	0	0	0	0	0	0	0	0	0	0	0	0	0	0	0	0.00119199	0	0	0	0	0	0	0	0	0	0	0	0
d__Bacteria;p__Actinobacteriota;__;__;__	3.72497E-05	0	0	0	0	0	0	0	0	0	0	0	0	0	0	0	0	0	0	0	0.00119199	0	0	0	0	0	0	0	0	0	0	0	0
d__Bacteria;p__Proteobacteria;c__Gammaproteobacteria;o__Burkholderiales;f__TRA3-20	3.72497E-05	0	0	0	0	0	0	0	0	0	0	0	0	0	0	0	0	0	0	0	0.00119199	0	0	0	0	0	0	0	0	0	0	0	0
d__Bacteria;p__Proteobacteria;c__Alphaproteobacteria;o__Rhizobiales;f__A0839	3.66114E-05	0	0	0	0.001171565	0	0	0	0	0	0	0	0	0	0	0	0	0	0	0	0	0	0	0	0	0	0	0	0	0	0	0	0
d__Bacteria;p__Verrucomicrobiota;c__Chlamydiae;o__Chlamydiales;__	3.65014E-05	0.000625904	0	0	0	0	0.000542142	0	0	0	0	0	0	0	0	0	0	0	0	0	0	0	0	0	0	0	0	0	0	0	0	0	0
d__Bacteria;p__Actinobacteriota;c__Acidimicrobiia;o__Microtrichales;f__Iamiaceae	3.63753E-05	0	0	0	0	0	0	5.15E-05	0	0	0	0	0	0	0	0	0	0	0	0	0.001112524	0	0	0	0	0	0	0	0	0	0	0	0
d__Bacteria;p__Verrucomicrobiota;c__Verrucomicrobiae;o__Opitutales;f__Opitutaceae	3.6352E-05	0	0	0	9.22E-05	0	0	0	0	0	0	0	0	0	0	0	0	0	0	0	5.96E-05	0	0	0	0	0	0	0	0	0	0	0	0.001011415
d__Bacteria;p__Actinobacteriota;c__Thermoleophilia;o__Gaiellales;f__Gaiellaceae	3.6008E-05	0	0	0	0	0	0	0	0	0	0	0	0	0	0	0	0	0	0	0	0.001152257	0	0	0	0	0	0	0	0	0	0	0	0
d__Bacteria;p__Firmicutes;c__Negativicutes;o__Veillonellales-Selenomonadales;f__Selenomonadaceae	3.58971E-05	0	0	0	0	0	0	0.000137292	0	0	0	0	0	0	0	0	0	0	0	0	0	0	0	0	0	0	0	0	0	0	0	0	0.001011415
d__Bacteria;p__Actinobacteriota;c__Actinobacteria;o__Streptomycetales;f__Streptomycetaceae	3.41455E-05	0	0	0	0	0	0	0	0	0	0	0	0	0	0	0	0	0	0	0	0.001092657	0	0	0	0	0	0	0	0	0	0	0	0
d__Bacteria;p__Verrucomicrobiota;c__Verrucomicrobiae;o__Chthoniobacterales;f__Terrimicrobiaceae	3.38643E-05	0	0	0	0	0	0	0	0	0	0	0	0	0	0	0	0	0	0	0	0	0	0	0	0	0	0	0	0	0	0	0	0.001083658
d__Bacteria;p__Proteobacteria;c__Alphaproteobacteria;o__Rickettsiales;f__AB1	3.36317E-05	0.000223023	0	0	0.000285973	0	0.000309795	0.000257422	0	0	0	0	0	0	0	0	0	0	0	0	0	0	0	0	0	0	0	0	0	0	0	0	0
d__Bacteria;p__Bdellovibrionota;c__Oligoflexia;o__Silvanigrellales;f__Silvanigrellaceae	3.35817E-05	0	0	0	0	0	0	0	0	0	0	0	0	0	0	0	0	0	0	0	0.000496662	0	0	0	0	0	0	0	0	0	0	0	0.000577951
d__Bacteria;p__Bacteroidota;c__Bacteroidia;o__Sphingobacteriales;f__KD3-93	3.35247E-05	0	0	0	0	0	0	0	0	0	0	0	0	0	0	0	0	0	0	0	0.001072791	0	0	0	0	0	0	0	0	0	0	0	0
d__Bacteria;p__Acidobacteriota;c__Blastocatellia;o__11-24;f__11-24	3.33703E-05	0	0	0	0.000193723	0	0	0	0	0	0	0	0	0	0	0	0	0	0	0	0.000874126	0	0	0	0	0	0	0	0	0	0	0	0
d__Bacteria;p__Firmicutes;c__Bacilli;o__Bacillales;f__Planococcaceae	3.22831E-05	0	0	0	0	0	0	0	0	0	0	0	0	0	0	0	0	0	0	0	0.001033058	0	0	0	0	0	0	0	0	0	0	0	0
d__Bacteria;p__Myxococcota;c__Polyangia;o__Polyangiales;f__Phaselicystidaceae	3.11536E-05	0	0	0	0.000341322	0	0	0	0	0	0	0	0	0	0	0	0	0	0	0	0.000655594	0	0	0	0	0	0	0	0	0	0	0	0
d__Bacteria;p__Proteobacteria;c__Gammaproteobacteria;o__MBMPE27;f__MBMPE27	3.07949E-05	0.000482018	0	0	0	0	0.000503417	0	0	0	0	0	0	0	0	0	0	0	0	0	0	0	0	0	0	0	0	0	0	0	0	0	0
d__Bacteria;p__Bacteroidota;c__Bacteroidia;o__Cytophagales;__	3.00685E-05	0	0	0	0.000664194	0	0	0	0	0	0	0	0	0	0	0	0	0	0	0	0.000297997	0	0	0	0	0	0	0	0	0	0	0	0
d__Bacteria;p__Proteobacteria;c__Gammaproteobacteria;o__Steroidobacterales;f__Woeseiaceae	2.82553E-05	0.000633098	0	0	0	0	0.000271071	0	0	0	0	0	0	0	0	0	0	0	0	0	0	0	0	0	0	0	0	0	0	0	0	0	0
d__Bacteria;p__Bdellovibrionota;c__Oligoflexia;o__Oligoflexales;f__uncultured	2.82025E-05	0.000553961	0	0	0	0	0.00034852	0	0	0	0	0	0	0	0	0	0	0	0	0	0	0	0	0	0	0	0	0	0	0	0	0	0
d__Bacteria;p__Entotheonellaeota;c__Entotheonellia;o__Entotheonellales;f__Entotheonellaceae	2.7089E-05	1.44E-05	0	0	0	0	0	0	0	0	0	0	0	0	0	0	0	0	0	0	0.000635728	0	0	0	0	0	0	0	0	0	0	0	0.000216732
d__Bacteria;p__Verrucomicrobiota;c__Lentisphaeria;o__SS1-B-02-17;f__SS1-B-02-17	2.63678E-05	0.000359715	0	0	0	0	0.000484055	0	0	0	0	0	0	0	0	0	0	0	0	0	0	0	0	0	0	0	0	0	0	0	0	0	0
d__Bacteria;p__Proteobacteria;c__Gammaproteobacteria;o__I3A;f__I3A	2.63179E-05	0.000532378	0	0	0	0	0.000309795	0	0	0	0	0	0	0	0	0	0	0	0	0	0	0	0	0	0	0	0	0	0	0	0	0	0
d__Bacteria;p__Firmicutes;c__Clostridia;o__Peptostreptococcales-Tissierellales;f__Peptostreptococcales-Tissierellales	2.62293E-05	0.000553961	0	0	0	0	0	6.86E-05	0	0	0	0	0	0	0	0	0	0	0	0	0	0	0	0	0	0	0	0	0	0	0	0	0.000216732
d__Bacteria;p__Chloroflexi;c__SHA-26;o__SHA-26;f__SHA-26	2.60748E-05	0	0	0	0	0	0	0	0	0	0	0	0	0	0	0	0	0	0	0	0.000834393	0	0	0	0	0	0	0	0	0	0	0	0
d__Bacteria;p__Bdellovibrionota;c__Bdellovibrionia;o__Bacteriovoracales;f__Bacteriovoracaceae	2.59519E-05	0.000258995	0	0	5.53E-05	0	0.000154898	0	0	0	0	0	0	0	0	0	0	0	0	0	0	0	0	0	0	0	0	0	0	0	0	0	0.000361219
d__Eukaryota;__;__;__;__	2.58731E-05	0.00030216	0	0	4.61E-05	0	0.000445331	3.43E-05	0	0	0	0	0	0	0	0	0	0	0	0	0	0	0	0	0	0	0	0	0	0	0	0	0
d__Bacteria;p__Proteobacteria;c__Gammaproteobacteria;o__UBA10353_marine_group;f__UBA10353_marine_group	2.57989E-05	0.000496406	0	0	0	0	0.000329158	0	0	0	0	0	0	0	0	0	0	0	0	0	0	0	0	0	0	0	0	0	0	0	0	0	0
d__Bacteria;p__Proteobacteria;c__Gammaproteobacteria;o__Oceanospirillales;f__Kangiellaceae	2.57844E-05	0.000467629	0	0	0	0	0.000212984	0	0	0	0	0	0	0	0	0	0	0	0	0	0	0	0	0	0	0	0	0	0	0	0	0	0.000144488
d__Bacteria;p__Verrucomicrobiota;c__Verrucomicrobiae;o__Opitutales;f__Puniceicoccaceae	2.57049E-05	0.000244606	0	0	0	0	0	0	0	0	0	0	0	0	0	0	0	0	0	0	0	0	0	0	0	0	0	0	0	0	0	0	0.000577951
d__Bacteria;p__Chloroflexi;c__Chloroflexia;o__Thermomicrobiales;f__AKYG1722	2.55672E-05	0	0	0	0	0	0	0	0	0	0	0	0	0	0	0	0	0	0	0	0.000456929	0	0	0	0	0	0	0	0	0	0	0	0.000361219
d__Bacteria;p__Chloroflexi;__;__;__	2.48331E-05	0	0	0	0	0	0	0	0	0	0	0	0	0	0	0	0	0	0	0	0.00079466	0	0	0	0	0	0	0	0	0	0	0	0
d__Bacteria;p__Actinobacteriota;c__Acidimicrobiia;o__Microtrichales;f__Microtrichaceae	2.45026E-05	0.000172663	0	0	1.84E-05	0	0.000116173	0	0	0	0	0	0	0	0	0	0	0	0	0	0.000476796	0	0	0	0	0	0	0	0	0	0	0	0
d__Bacteria;p__Chloroflexi;c__Anaerolineae;o__RBG-13-54-9;f__RBG-13-54-9	2.44517E-05	0	0	0	0.000276748	0	0	0	0	0	0	0	0	0	0	0	0	0	0	0	0	0	0	0	0	0	0	0	0	0	0	0	0.000505707
d__Bacteria;p__Chloroflexi;c__JG30-KF-CM66;o__JG30-KF-CM66;f__JG30-KF-CM66	2.29706E-05	0	0	0	0	0	0	0	0	0	0	0	0	0	0	0	0	0	0	0	0.00073506	0	0	0	0	0	0	0	0	0	0	0	0
d__Bacteria;p__Firmicutes;c__BRH-c20a;o__BRH-c20a;f__BRH-c20a	2.28233E-05	0.000179857	0	0	4.61E-05	0.000162002	9.68E-05	0	0	0.000245549	0	0	0	0	0	0	0	0	0	0	0	0	0	0	0	0	0	0	0	0	0	0	0
d__Bacteria;p__Thermotogota;c__Thermotogae;o__Kosmotogales;f__Kosmotogaceae	2.2397E-05	0.000115109	0	0	0	0	0.000329158	0	0.000149663	0.000122775	0	0	0	0	0	0	0	0	0	0	0	0	0	0	0	0	0	0	0	0	0	0	0
d__Bacteria;p__Verrucomicrobiota;c__Chlamydiae;o__Chlamydiales;f__Parachlamydiaceae	2.15985E-05	0	0	0	5.53E-05	0	0	0.000274584	0	0	0	0	0	0	0	0	0	0	0	0	0	0	0	0	0	0	0	0	0	0	0	0	0.000361219
d__Bacteria;p__Proteobacteria;c__Gammaproteobacteria;o__Cellvibrionales;f__Porticoccaceae	2.158E-05	0.000438852	0	0	0	0	0.000251709	0	0	0	0	0	0	0	0	0	0	0	0	0	0	0	0	0	0	0	0	0	0	0	0	0	0
d__Bacteria;p__Proteobacteria;c__Gammaproteobacteria;o__MD2904-B13;f__MD2904-B13	2.14246E-05	0.000453241	0	0	0	0	0.000232347	0	0	0	0	0	0	0	0	0	0	0	0	0	0	0	0	0	0	0	0	0	0	0	0	0	0
d__Bacteria;p__Cyanobacteria;c__Cyanobacteriia;o__Cyanobacteriales;f__Cyanobacteriaceae	2.11082E-05	0	0	0	0	0	0	0	0	0	0	0	0	0	0	0	0	0	0	0	0.000675461	0	0	0	0	0	0	0	0	0	0	0	0
d__Bacteria;p__Actinobacteriota;c__Actinobacteria;o__Corynebacteriales;f__Dietziaceae	2.09156E-05	0	0	0	0	0	0	0.000669298	0	0	0	0	0	0	0	0	0	0	0	0	0	0	0	0	0	0	0	0	0	0	0	0	0
d__Bacteria;p__Proteobacteria;c__Gammaproteobacteria;o__MBAE14;f__MBAE14	2.03699E-05	0.000438852	0	0	0	0	0.000212984	0	0	0	0	0	0	0	0	0	0	0	0	0	0	0	0	0	0	0	0	0	0	0	0	0	0
d__Bacteria;p__Chloroflexi;c__Anaerolineae;o__Caldilineales;f__Caldilineaceae	2.01029E-05	0	0	0	0.000101474	0	0	0	0	0	0	0	0	0	0	0	0	0	0	0	0.00039733	0	0	0	0	0	0	0	0	0	0	0	0.000144488
d__Bacteria;p__Planctomycetota;c__vadinHA49;o__vadinHA49;f__vadinHA49	1.98665E-05	0	0	0	0	0	0	0	0	0	0	0	0	0	0	0	0	0	0	0	0.000635728	0	0	0	0	0	0	0	0	0	0	0	0
d__Bacteria;p__Actinobacteriota;c__Thermoleophilia;__;__	1.98665E-05	0	0	0	0	0	0	0	0	0	0	0	0	0	0	0	0	0	0	0	0.000635728	0	0	0	0	0	0	0	0	0	0	0	0
d__Bacteria;p__Chloroflexi;c__Dehalococcoidia;o__SAR202_clade;f__SAR202_clade	1.98665E-05	0	0	0	0	0	0	0	0	0	0	0	0	0	0	0	0	0	0	0	0.000635728	0	0	0	0	0	0	0	0	0	0	0	0
d__Bacteria;p__Firmicutes;c__uncultured;o__uncultured;f__uncultured	1.95757E-05	0.000115109	0	0	5.53E-05	6.08E-05	0	0	0.000149663	0.000245549	0	0	0	0	0	0	0	0	0	0	0	0	0	0	0	0	0	0	0	0	0	0	0
d__Bacteria;p__Actinobacteriota;c__Acidimicrobiia;__;__	1.92457E-05	0	0	0	0	0	0	0	0	0	0	0	0	0	0	0	0	0	0	0	0.000615861	0	0	0	0	0	0	0	0	0	0	0	0
d__Bacteria;p__Firmicutes;__;__;__	1.91757E-05	0.000107914	0	0	0	0	0	0	0	0	0	0	0	0	0	0	0	0	0	0	0	0	0	0	0	0	0	0	0	0	0	0	0.000505707
d__Bacteria;p__Bdellovibrionota;c__Oligoflexia;o__Oligoflexales;f__Oligoflexales	1.91571E-05	0	0	0	3.69E-05	0	0	0	0	0	0	0	0	0	0	0	0	0	0	0	0.000576128	0	0	0	0	0	0	0	0	0	0	0	0
d__Bacteria;p__Bacteroidota;c__Bacteroidia;o__Flavobacteriales;__	1.90264E-05	0	0	0	0.000608845	0	0	0	0	0	0	0	0	0	0	0	0	0	0	0	0	0	0	0	0	0	0	0	0	0	0	0	0
d__Bacteria;p__Chloroflexi;c__Chloroflexia;o__Thermobaculales;f__Thermobaculaceae	1.86248E-05	0	0	0	0	0	0	0	0	0	0	0	0	0	0	0	0	0	0	0	0.000595995	0	0	0	0	0	0	0	0	0	0	0	0
d__Bacteria;p__Actinobacteriota;c__Actinobacteria;o__Nitriliruptorales;f__Nitriliruptoraceae	1.81735E-05	0	0	0	0	0	0	0	0	0	0	0	0	0	0	0	0	0	0	0	0.000437063	0	0	0	0	0	0	0	0	0	0	0	0.000144488
d__Bacteria;p__Myxococcota;c__Polyangia;o__Blfdi19;f__Blfdi19	1.8004E-05	0	0	0	0	0	0	0	0	0	0	0	0	0	0	0	0	0	0	0	0.000576128	0	0	0	0	0	0	0	0	0	0	0	0
d__Bacteria;p__Firmicutes;c__Clostridia;o__Clostridia;f__Hungateiclostridiaceae	1.78361E-05	0	0	0	0	0	0	0.000137292	0	0	0	0	0	0	0	0	0	0	0	0	0	0	0	0	0	0	0	0	0	0	0	0	0.000433463
d__Bacteria;p__Acidobacteriota;c__Acidobacteriae;o__Acidobacteriales;f__Acidobacteriaceae_(Subgroup_1)	1.76978E-05	0	0	0	0	0	0	0.000566329	0	0	0	0	0	0	0	0	0	0	0	0	0	0	0	0	0	0	0	0	0	0	0	0	0
d__Eukaryota;p__Parabasalia;c__Parabasalia;o__Parabasalia;f__Parabasalia	1.75332E-05	0.000309355	0	0	0	0	0.000251709	0	0	0	0	0	0	0	0	0	0	0	0	0	0	0	0	0	0	0	0	0	0	0	0	0	0
d__Bacteria;p__Myxococcota;c__Polyangia;o__mle1-27;f__mle1-27	1.72946E-05	0	0	0	3.69E-05	0	0	0	0	0	0	0	0	0	0	0	0	0	0	0	0.000516529	0	0	0	0	0	0	0	0	0	0	0	0
d__Bacteria;p__Bacteroidota;c__Bacteroidia;o__Bacteroidales;f__Marinifilaceae	1.7239E-05	0.000280578	0	0	0	0	0.000271071	0	0	0	0	0	0	0	0	0	0	0	0	0	0	0	0	0	0	0	0	0	0	0	0	0	0
d__Eukaryota;p__Basidiomycota;c__Tremellomycetes;o__Tremellales;f__Bulleribasidiaceae	1.71615E-05	0	0	0	0	0	0	0.000549168	0	0	0	0	0	0	0	0	0	0	0	0	0	0	0	0	0	0	0	0	0	0	0	0	0
d__Eukaryota;p__Basidiomycota;c__Tremellomycetes;o__Tremellales;__	1.71615E-05	0	0	0	0	0	0	0.000549168	0	0	0	0	0	0	0	0	0	0	0	0	0	0	0	0	0	0	0	0	0	0	0	0	0
d__Bacteria;p__Myxococcota;c__Polyangia;o__Nannocystales;f__Nannocystaceae	1.5997E-05	0.000258995	0	0	3.69E-05	0	9.68E-05	0	0	0	0	0	0	0	0	0	0	0	0	0	0.000119199	0	0	0	0	0	0	0	0	0	0	0	0
d__Bacteria;p__Planctomycetota;c__Phycisphaerae;o__MSBL9;f__SM23-30	1.57347E-05	0.0002518	0	0	0	0	0.000251709	0	0	0	0	0	0	0	0	0	0	0	0	0	0	0	0	0	0	0	0	0	0	0	0	0	0
d__Eukaryota;p__Basidiomycota;c__Tremellomycetes;o__Filobasidiales;f__Filobasidiaceae	1.55526E-05	0	0	0	0	0	0	0.000497683	0	0	0	0	0	0	0	0	0	0	0	0	0	0	0	0	0	0	0	0	0	0	0	0	0
d__Eukaryota;p__Basidiomycota;c__Agaricomycetes;__;__	1.55526E-05	0	0	0	0	0	0	0.000497683	0	0	0	0	0	0	0	0	0	0	0	0	0	0	0	0	0	0	0	0	0	0	0	0	0
d__Bacteria;p__Actinobacteriota;c__Thermoleophilia;o__Gaiellales;__	1.55207E-05	0	0	0	0	0	0	0	0	0	0	0	0	0	0	0	0	0	0	0	0.000496662	0	0	0	0	0	0	0	0	0	0	0	0
d__Bacteria;p__Actinobacteriota;c__MB-A2-108;o__MB-A2-108;f__MB-A2-108	1.55207E-05	0	0	0	0	0	0	0	0	0	0	0	0	0	0	0	0	0	0	0	0.000496662	0	0	0	0	0	0	0	0	0	0	0	0
d__Bacteria;p__Planctomycetota;c__Planctomycetes;o__uncultured;f__uncultured	1.52684E-05	0.000294966	0	0	0	0	0.000193622	0	0	0	0	0	0	0	0	0	0	0	0	0	0	0	0	0	0	0	0	0	0	0	0	0	0
d__Bacteria;p__Chloroflexi;c__Anaerolineae;o__SJA-15;f__SJA-15	1.5144E-05	3.60E-05	0	0	8.30E-05	0	0.000116173	0	0.000249439	0	0	0	0	0	0	0	0	0	0	0	0	0	0	0	0	0	0	0	0	0	0	0	0
d__Bacteria;p__Firmicutes;c__Bacilli;o__Lactobacillales;f__Leuconostocaceae	1.50163E-05	0	0	0	0	0	0	0.000480522	0	0	0	0	0	0	0	0	0	0	0	0	0	0	0	0	0	0	0	0	0	0	0	0	0
d__Bacteria;p__Firmicutes;c__Bacilli;o__Thermoactinomycetales;f__Thermoactinomycetaceae	1.50135E-05	0	0	0	0	0	0	0.000102969	0	0	0	0	0	0	0	0	0	0	0	0	0.000377463	0	0	0	0	0	0	0	0	0	0	0	0
d__Bacteria;p__Chloroflexi;c__Ktedonobacteria;o__B12-WMSP1;f__B12-WMSP1	1.48999E-05	0	0	0	0	0	0	0	0	0	0	0	0	0	0	0	0	0	0	0	0.000476796	0	0	0	0	0	0	0	0	0	0	0	0
d__Bacteria;p__Nitrospirota;c__Thermodesulfovibrionia;o__uncultured;f__uncultured	1.47778E-05	5.76E-05	0	0	5.53E-05	6.08E-05	0.000135535	0	0	0.0001637	0	0	0	0	0	0	0	0	0	0	0	0	0	0	0	0	0	0	0	0	0	0	0
d__Bacteria;p__Proteobacteria;c__Gammaproteobacteria;o__Legionellales;f__Legionellaceae	1.47081E-05	0.000172663	0	0	0	0	0	0	0	0	0	0	0	0	0	0	0	0	0	0	0.000297997	0	0	0	0	0	0	0	0	0	0	0	0
d__Eukaryota;p__Basidiomycota;c__Ustilaginomycetes;o__Ustilaginales;f__Ustilaginaceae	1.448E-05	0	0	0	0	0	0	0.00046336	0	0	0	0	0	0	0	0	0	0	0	0	0	0	0	0	0	0	0	0	0	0	0	0	0
d__Bacteria;p__Acidobacteriota;c__Vicinamibacteria;o__Subgroup_17;f__Subgroup_17	1.44788E-05	0	0	0	4.61E-05	0	0	0	0	0	0	0	0	0	0	0	0	0	0	0	0.000417196	0	0	0	0	0	0	0	0	0	0	0	0
d__Bacteria;p__Proteobacteria;c__Gammaproteobacteria;o__uncultured;f__uncultured	1.44168E-05	0.000244606	0	0	0	0	0	0	0	0	0	0	0	0	0	0	0	0	0	0	0	0	0	0	0	0	0	0	0	0	0	0	0.000216732
d__Bacteria;p__Nitrospirota;c__4-29-1;o__4-29-1;f__4-29-1	1.43825E-05	5.76E-05	0	0	0	0.000101251	9.68E-05	0	0	0.000204625	0	0	0	0	0	0	0	0	0	0	0	0	0	0	0	0	0	0	0	0	0	0	0
d__Bacteria;p__Cyanobacteria;c__Cyanobacteriia;o__Cyanobacteriales;__	1.4279E-05	0	0	0	0	0	0	0	0	0	0	0	0	0	0	0	0	0	0	0	0.000456929	0	0	0	0	0	0	0	0	0	0	0	0
d__Archaea;p__Halobacterota;c__Methanosarcinia;o__Methanosarciniales;f__Methanosarcinaceae	1.42772E-05	5.04E-05	0	0	7.38E-05	8.10E-05	0.000251709	0	0	0	0	0	0	0	0	0	0	0	0	0	0	0	0	0	0	0	0	0	0	0	0	0	0
d__Bacteria;p__Firmicutes;c__Clostridia;o__Clostridia_vadinBB60_group;f__Clostridia_vadinBB60_group	1.38572E-05	0	0	0	0	0	0	0.000154453	0	0	0	0	0	0	0	0	0	0	0	0	0	0	0	0	0	0	0	0	0	0	0	0	0.000288976
d__Bacteria;p__Patescibacteria;c__Gracilibacteria;o__Absconditabacteriales_(SR1);f__Absconditabacteriales_(SR1)	1.35457E-05	0	0	0	0	0	0	0	0	0	0	0	0	0	0	0	0	0	0	0	0	0	0	0	0	0	0	0	0	0	0	0	0.000433463
d__Bacteria;p__Deinococcota;c__Deinococci;o__Deinococcales;f__Trueperaceae	1.33695E-05	5.04E-05	0	0	0	0	0	0	0	0	0	0	0	0	0	0	0	0	0	0	0.000377463	0	0	0	0	0	0	0	0	0	0	0	0
d__Bacteria;p__Proteobacteria;c__Alphaproteobacteria;o__Caulobacterales;f__Parvularculaceae	1.33116E-05	0.000223023	0	0	0.000202948	0	0	0	0	0	0	0	0	0	0	0	0	0	0	0	0	0	0	0	0	0	0	0	0	0	0	0	0
d__Bacteria;p__Dependentiae;c__Babeliae;o__Babeliales;f__Babeliales	1.31062E-05	0.000187052	0	0	0	0	0.000232347	0	0	0	0	0	0	0	0	0	0	0	0	0	0	0	0	0	0	0	0	0	0	0	0	0	0
d__Bacteria;p__Acidobacteriota;c__Blastocatellia;__;__	1.30374E-05	0	0	0	0	0	0	0	0	0	0	0	0	0	0	0	0	0	0	0	0.000417196	0	0	0	0	0	0	0	0	0	0	0	0
d__Bacteria;p__Chloroflexi;c__Chloroflexia;o__Chloroflexales;f__Chloroflexaceae	1.29046E-05	0	0	0	5.53E-05	0	0	0	0	0	0	0	0	0	0	0	0	0	0	0	0.000357597	0	0	0	0	0	0	0	0	0	0	0	0
d__Bacteria;p__Proteobacteria;c__Alphaproteobacteria;o__Rickettsiales;f__S25-593	1.26566E-05	0.000172663	0	0	0	0	0.000232347	0	0	0	0	0	0	0	0	0	0	0	0	0	0	0	0	0	0	0	0	0	0	0	0	0	0
d__Bacteria;p__Planctomycetota;c__Phycisphaerae;o__Tepidisphaerales;f__Tepidisphaeraceae	1.25635E-05	0	0	0	0.000350547	0	0	5.15E-05	0	0	0	0	0	0	0	0	0	0	0	0	0	0	0	0	0	0	0	0	0	0	0	0	0
d__Bacteria;p__Proteobacteria;c__Alphaproteobacteria;o__Azospirillales;f__uncultured	1.24166E-05	0	0	0	0	0	0	0	0	0	0	0	0	0	0	0	0	0	0	0	0.00039733	0	0	0	0	0	0	0	0	0	0	0	0
d__Bacteria;p__Proteobacteria;c__Gammaproteobacteria;o__Burkholderiales;__	1.24166E-05	0	0	0	0	0	0	0	0	0	0	0	0	0	0	0	0	0	0	0	0.00039733	0	0	0	0	0	0	0	0	0	0	0	0
d__Bacteria;p__Proteobacteria;c__Alphaproteobacteria;o__Rhizobiales;f__Pleomorphomonadaceae	1.2396E-05	0	0	0	0.000396672	0	0	0	0	0	0	0	0	0	0	0	0	0	0	0	0	0	0	0	0	0	0	0	0	0	0	0	0
d__Eukaryota;p__Basidiomycota;c__Agaricomycetes;o__Cantharellales;f__Incertae_Sedis	1.23348E-05	0	0	0	0	0	0	0.000394714	0	0	0	0	0	0	0	0	0	0	0	0	0	0	0	0	0	0	0	0	0	0	0	0	0
d__Bacteria;p__Verrucomicrobiota;c__Chlamydiae;o__Chlamydiales;f__cvE6	1.22763E-05	0.000179857	0	0	0	0	0.000212984	0	0	0	0	0	0	0	0	0	0	0	0	0	0	0	0	0	0	0	0	0	0	0	0	0	0
d__Bacteria;p__Bacteroidota;c__Bacteroidia;__;__	1.20924E-05	0.000194246	0	0	1.84E-05	0	0.00017426	0	0	0	0	0	0	0	0	0	0	0	0	0	0	0	0	0	0	0	0	0	0	0	0	0	0
d__Bacteria;p__Cyanobacteria;c__Cyanobacteriia;o__Eurycoccales;f__Eurycoccales_Incertae_Sedis	1.18194E-05	0	0	0	0.000378222	0	0	0	0	0	0	0	0	0	0	0	0	0	0	0	0	0	0	0	0	0	0	0	0	0	0	0	0
d__Bacteria;p__Gemmatimonadota;c__S0134_terrestrial_group;o__S0134_terrestrial_group;f__S0134_terrestrial_group	1.17957E-05	0	0	0	0	0	0	0	0	0	0	0	0	0	0	0	0	0	0	0	0.000377463	0	0	0	0	0	0	0	0	0	0	0	0
d__Bacteria;p__Chloroflexi;c__Chloroflexia;o__Chloroflexales;f__Herpetosiphonaceae	1.17957E-05	0	0	0	0	0	0	0	0	0	0	0	0	0	0	0	0	0	0	0	0.000377463	0	0	0	0	0	0	0	0	0	0	0	0
d__Bacteria;p__Bacteroidota;c__Bacteroidia;o__Bacteroidales;f__Prolixibacteraceae	1.16907E-05	0.000374103	0	0	0	0	0	0	0	0	0	0	0	0	0	0	0	0	0	0	0	0	0	0	0	0	0	0	0	0	0	0	0
d__Bacteria;p__Patescibacteria;c__ABY1;o__Candidatus_Magasanikbacteria;f__Candidatus_Magasanikbacteria	1.1372E-05	5.04E-05	0	0	0	0	9.68E-05	0	0	0	0	0	0	0	0	0	0	0	0	0	0	0	0	0	0	0	0	0	0	0	0	0	0.000216732
d__Bacteria;p__Proteobacteria;c__Alphaproteobacteria;o__Defluviicoccales;f__uncultured	1.13367E-05	0	0	0	7.38E-05	0	0	0	0	0	0	0	0	0	0	0	0	0	0	0	0	0	0	0	0	0	0	0	0	0	0	0	0.000288976
d__Bacteria;p__Actinobacteriota;c__Acidimicrobiia;o__IMCC26256;f__IMCC26256	1.12881E-05	0	0	0	0	0	0	0	0	0	0	0	0	0	0	0	0	0	0	0	0	0	0	0	0	0	0	0	0	0	0	0	0.000361219
d__Bacteria;p__Bacteroidota;c__Bacteroidia;o__Sphingobacteriales;f__AKYH767	1.12881E-05	0	0	0	0	0	0	0	0	0	0	0	0	0	0	0	0	0	0	0	0	0	0	0	0	0	0	0	0	0	0	0	0.000361219
d__Bacteria;p__Firmicutes;c__Clostridia;o__Monoglobales;f__Monoglobaceae	1.12881E-05	0	0	0	0	0	0	0	0	0	0	0	0	0	0	0	0	0	0	0	0	0	0	0	0	0	0	0	0	0	0	0	0.000361219
d__Bacteria;p__Firmicutes;c__Bacilli;o__Exiguobacterales;f__Exiguobacteraceae	1.12622E-05	0	0	0	0	0	0	0.000360391	0	0	0	0	0	0	0	0	0	0	0	0	0	0	0	0	0	0	0	0	0	0	0	0	0
d__Bacteria;p__Actinobacteriota;c__Coriobacteriia;o__OPB41;f__OPB41	1.12411E-05	0.000359715	0	0	0	0	0	0	0	0	0	0	0	0	0	0	0	0	0	0	0	0	0	0	0	0	0	0	0	0	0	0	0
d__Bacteria;p__Proteobacteria;c__Alphaproteobacteria;o__Elsterales;f__Elsteraceae	1.09546E-05	0	0	0	0.000350547	0	0	0	0	0	0	0	0	0	0	0	0	0	0	0	0	0	0	0	0	0	0	0	0	0	0	0	0
d__Bacteria;p__Proteobacteria;c__Gammaproteobacteria;o__Ga0077536;f__Ga0077536	1.09546E-05	0	0	0	0.000350547	0	0	0	0	0	0	0	0	0	0	0	0	0	0	0	0	0	0	0	0	0	0	0	0	0	0	0	0
d__Bacteria;p__Desulfobacterota;c__Desulfarculia;o__Desulfarculales;f__Desulfarculaceae	1.08894E-05	0.000143886	0	0	4.61E-05	8.10E-05	7.74E-05	0	0	0	0	0	0	0	0	0	0	0	0	0	0	0	0	0	0	0	0	0	0	0	0	0	0
d__Bacteria;p__Firmicutes;c__Desulfitobacteriia;o__Desulfitobacteriales;f__Desulfitobacteriaceae	1.07914E-05	0.000345326	0	0	0	0	0	0	0	0	0	0	0	0	0	0	0	0	0	0	0	0	0	0	0	0	0	0	0	0	0	0	0
d__Bacteria;p__Patescibacteria;c__Gracilibacteria;o__Gracilibacteria;f__Gracilibacteria	1.07724E-05	0.000115109	0	0	5.53E-05	0	0.00017426	0	0	0	0	0	0	0	0	0	0	0	0	0	0	0	0	0	0	0	0	0	0	0	0	0	0
d__Bacteria;p__Proteobacteria;c__Alphaproteobacteria;o__SAR11_clade;f__Clade_II	1.06165E-05	0.000165469	0	0	0	0	0.00017426	0	0	0	0	0	0	0	0	0	0	0	0	0	0	0	0	0	0	0	0	0	0	0	0	0	0
d__Bacteria;p__Proteobacteria;c__Gammaproteobacteria;o__Xanthomonadales;f__Rhodanobacteraceae	1.05098E-05	0	0	0	1.84E-05	0	0	0	0	0	0	0	0	0	0	0	0	0	0	0	0.000317864	0	0	0	0	0	0	0	0	0	0	0	0
d__Bacteria;p__Proteobacteria;c__Gammaproteobacteria;o__AT-s2-59;f__AT-s2-59	1.02862E-05	0	0	0	0	0	0.000329158	0	0	0	0	0	0	0	0	0	0	0	0	0	0	0	0	0	0	0	0	0	0	0	0	0	0
d__Bacteria;p__Myxococcota;c__Polyangia;o__Polyangiales;f__BIrii41	9.92542E-06	0.00020144	0	0	0	0	0.000116173	0	0	0	0	0	0	0	0	0	0	0	0	0	0	0	0	0	0	0	0	0	0	0	0	0	0
d__Bacteria;p__Cyanobacteria;c__Cyanobacteriia;o__Phormidesmiales;f__uncultured	9.80148E-06	0	0	0	0.000313647	0	0	0	0	0	0	0	0	0	0	0	0	0	0	0	0	0	0	0	0	0	0	0	0	0	0	0	0
d__Bacteria;p__Marinimicrobia_(SAR406_clade);c__Marinimicrobia_(SAR406_clade);o__Marinimicrobia_(SAR406_clade);f__Marinimicrobia_(SAR406_clade)	9.75336E-06	0.000273383	0	0	0	0	3.87E-05	0	0	0	0	0	0	0	0	0	0	0	0	0	0	0	0	0	0	0	0	0	0	0	0	0	0
d__Eukaryota;p__Basidiomycota;c__Tremellomycetes;o__Tremellales;f__uncultured	9.65334E-06	0	0	0	0	0	0	0.000308907	0	0	0	0	0	0	0	0	0	0	0	0	0	0	0	0	0	0	0	0	0	0	0	0	0
d__Bacteria;p__Desulfobacterota;c__Desulfobulbia;o__Desulfobulbales;f__Desulfobulbaceae	9.44251E-06	0.00030216	0	0	0	0	0	0	0	0	0	0	0	0	0	0	0	0	0	0	0	0	0	0	0	0	0	0	0	0	0	0	0
d__Bacteria;p__Bacteroidota;c__Bacteroidia;o__Cytophagales;f__uncultured	9.31242E-06	0	0	0	0	0	0	0	0	0	0	0	0	0	0	0	0	0	0	0	0.000297997	0	0	0	0	0	0	0	0	0	0	0	0
d__Bacteria;p__Aquificota;c__Aquificae;o__Aquificales;f__Aquificaceae	9.03049E-06	0	0	0	0	0	0	0	0	0	0	0	0	0	0	0	0	0	0	0	0	0	0	0	0	0	0	0	0	0	0	0	0.000288976
d__Bacteria;p__Firmicutes;c__Symbiobacteriia;o__Symbiobacteriales;f__Symbiobacteraceae	9.03049E-06	0	0	0	0	0	0	0	0	0	0	0	0	0	0	0	0	0	0	0	0	0	0	0	0	0	0	0	0	0	0	0	0.000288976
d__Bacteria;p__Firmicutes;c__Clostridia;o__Oscillospirales;f__Oscillospirales	9.03049E-06	0	0	0	0	0	0	0	0	0	0	0	0	0	0	0	0	0	0	0	0	0	0	0	0	0	0	0	0	0	0	0	0.000288976
d__Bacteria;p__Gemmatimonadota;c__BD2-11_terrestrial_group;o__BD2-11_terrestrial_group;f__BD2-11_terrestrial_group	9.02614E-06	0.000172663	0	0	0	0	0.000116173	0	0	0	0	0	0	0	0	0	0	0	0	0	0	0	0	0	0	0	0	0	0	0	0	0	0
d__Bacteria;p__Verrucomicrobiota;c__Omnitrophia;o__Omnitrophales;f__Omnitrophaceae	8.95674E-06	0.00015108	0	0	0	0	0.000135535	0	0	0	0	0	0	0	0	0	0	0	0	0	0	0	0	0	0	0	0	0	0	0	0	0	0
d__Bacteria;p__Firmicutes;c__Thermoanaerobacteria;o__Thermoanaerobacterales;f__Thermoanaerobacteraceae	8.69159E-06	0	0	0	0	0	0	0	0	0	0	0	0	0	0	0	0	0	0	0	0.000278131	0	0	0	0	0	0	0	0	0	0	0	0
d__Bacteria;p__Proteobacteria;c__Alphaproteobacteria;o__Rhodospirillales;f__Terasakiellaceae	8.66252E-06	0.000122303	0	0	0	0	0.000154898	0	0	0	0	0	0	0	0	0	0	0	0	0	0	0	0	0	0	0	0	0	0	0	0	0	0
d__Bacteria;p__Proteobacteria;c__Gammaproteobacteria;o__Cellvibrionales;f__Halieaceae	8.50927E-06	5.04E-05	0	0	0	0	7.74E-05	0	0	0	0	0	0	0	0	0	0	0	0	0	0	0	0	0	0	0	0	0	0	0	0	0	0.000144488
d__Bacteria;p__Proteobacteria;c__Gammaproteobacteria;o__SAR86_clade;f__SAR86_clade	8.5071E-06	0.000136692	0	0	0	0	0.000135535	0	0	0	0	0	0	0	0	0	0	0	0	0	0	0	0	0	0	0	0	0	0	0	0	0	0
d__Bacteria;p__Proteobacteria;c__Alphaproteobacteria;o__Kordiimonadales;f__Kordiimonadaceae	8.31841E-06	0.000266189	0	0	0	0	0	0	0	0	0	0	0	0	0	0	0	0	0	0	0	0	0	0	0	0	0	0	0	0	0	0	0
d__Bacteria;p__Proteobacteria;c__Gammaproteobacteria;o__Burkholderiales;f__A21b	8.26894E-06	0	0	0	0	0	0	8.58E-05	0	0	0	0	0	0	0	0	0	0	0	0	0.000178798	0	0	0	0	0	0	0	0	0	0	0	0
d__Bacteria;p__Chloroflexi;c__Dehalococcoidia;o__S085;f__S085	8.07076E-06	0	0	0	0	0	0	0	0	0	0	0	0	0	0	0	0	0	0	0	0.000258264	0	0	0	0	0	0	0	0	0	0	0	0
d__Bacteria;p__Bacteroidota;c__Rhodothermia;o__Rhodothermales;f__Rhodothermaceae	7.99499E-06	5.76E-05	0	0	0.000101474	0	9.68E-05	0	0	0	0	0	0	0	0	0	0	0	0	0	0	0	0	0	0	0	0	0	0	0	0	0	0
d__Bacteria;p__Proteobacteria;c__Gammaproteobacteria;o__Thiomicrospirales;f__Thioglobaceae	7.86876E-06	0.0002518	0	0	0	0	0	0	0	0	0	0	0	0	0	0	0	0	0	0	0	0	0	0	0	0	0	0	0	0	0	0	0
d__Bacteria;p__Desulfobacterota;c__Desulfobacteria;o__Desulfobacterales;f__Desulfosarcinaceae	7.7466E-06	0.00015108	0	0	0	0	9.68E-05	0	0	0	0	0	0	0	0	0	0	0	0	0	0	0	0	0	0	0	0	0	0	0	0	0	0
d__Bacteria;p__Chloroflexi;c__Chloroflexia;o__Thermomicrobiales;__	7.44994E-06	0	0	0	0	0	0	0	0	0	0	0	0	0	0	0	0	0	0	0	0.000238398	0	0	0	0	0	0	0	0	0	0	0	0
d__Bacteria;p__Proteobacteria;c__Gammaproteobacteria;o__Burkholderiales;f__Sulfuricellaceae	7.44994E-06	0	0	0	0	0	0	0	0	0	0	0	0	0	0	0	0	0	0	0	0.000238398	0	0	0	0	0	0	0	0	0	0	0	0
d__Bacteria;p__Actinobacteriota;c__Actinobacteria;o__Frankiales;f__Nakamurellaceae	7.44994E-06	0	0	0	0	0	0	0	0	0	0	0	0	0	0	0	0	0	0	0	0.000238398	0	0	0	0	0	0	0	0	0	0	0	0
d__Bacteria;p__Firmicutes;c__Clostridia;o__Lachnospirales;f__Defluviitaleaceae	7.22756E-06	0.000115109	0	0	0	0	0.000116173	0	0	0	0	0	0	0	0	0	0	0	0	0	0	0	0	0	0	0	0	0	0	0	0	0	0
d__Bacteria;p__Proteobacteria;c__Alphaproteobacteria;o__Rhodospirillales;f__AEGEAN-169_marine_group	7.14153E-06	0.00015108	0	0	0	0	7.74E-05	0	0	0	0	0	0	0	0	0	0	0	0	0	0	0	0	0	0	0	0	0	0	0	0	0	0
d__Bacteria;p__Desulfobacterota;c__Syntrophia;o__Syntrophales;f__Syntrophaceae	7.10114E-06	9.35E-05	0	0	3.69E-05	0	9.68E-05	0	0	0	0	0	0	0	0	0	0	0	0	0	0	0	0	0	0	0	0	0	0	0	0	0	0
d__Bacteria;p__Proteobacteria;c__Gammaproteobacteria;o__Cellvibrionales;f__Cellvibrionaceae	6.96947E-06	0.000223023	0	0	0	0	0	0	0	0	0	0	0	0	0	0	0	0	0	0	0	0	0	0	0	0	0	0	0	0	0	0	0
d__Bacteria;p__Firmicutes;c__Bacilli;o__RF39;f__RF39	6.77287E-06	0	0	0	0	0	0	0	0	0	0	0	0	0	0	0	0	0	0	0	0	0	0	0	0	0	0	0	0	0	0	0	0.000216732
d__Bacteria;p__Actinobacteriota;c__Actinobacteria;o__Streptosporangiales;f__Streptosporangiaceae	6.77287E-06	0	0	0	0	0	0	0	0	0	0	0	0	0	0	0	0	0	0	0	0	0	0	0	0	0	0	0	0	0	0	0	0.000216732
d__Bacteria;p__Firmicutes;c__Clostridia;o__Oscillospirales;f__[Eubacterium]_coprostanoligenes_group	6.77287E-06	0	0	0	0	0	0	0	0	0	0	0	0	0	0	0	0	0	0	0	0	0	0	0	0	0	0	0	0	0	0	0	0.000216732
d__Bacteria;p__Proteobacteria;c__Alphaproteobacteria;o__SAR11_clade;f__Clade_I	6.51983E-06	0.000208635	0	0	0	0	0	0	0	0	0	0	0	0	0	0	0	0	0	0	0	0	0	0	0	0	0	0	0	0	0	0	0
d__Archaea;p__Nanoarchaeota;c__Nanoarchaeia;o__Woesearchaeales;f__SCGC_AAA286-E23	6.4837E-06	7.19E-05	0	0	0	0	0.000135535	0	0	0	0	0	0	0	0	0	0	0	0	0	0	0	0	0	0	0	0	0	0	0	0	0	0
d__Bacteria;p__Firmicutes;c__Bacilli;o__Lactobacillales;f__Aerococcaceae	6.43556E-06	0	0	0	0	0	0	0.000205938	0	0	0	0	0	0	0	0	0	0	0	0	0	0	0	0	0	0	0	0	0	0	0	0	0
d__Bacteria;p__Proteobacteria;c__Alphaproteobacteria;o__Parvibaculales;f__Parvibaculaceae	6.29501E-06	0.00020144	0	0	0	0	0	0	0	0	0	0	0	0	0	0	0	0	0	0	0	0	0	0	0	0	0	0	0	0	0	0	0
d__Bacteria;p__Verrucomicrobiota;c__Verrucomicrobiae;o__Arctic97B-4_marine_group;f__Arctic97B-4_marine_group	6.07019E-06	0.000194246	0	0	0	0	0	0	0	0	0	0	0	0	0	0	0	0	0	0	0	0	0	0	0	0	0	0	0	0	0	0	0
d__Bacteria;p__Proteobacteria;c__Gammaproteobacteria;o__KI89A_clade;f__KI89A_clade	6.06474E-06	0.000129497	0	0	6.46E-05	0	0	0	0	0	0	0	0	0	0	0	0	0	0	0	0	0	0	0	0	0	0	0	0	0	0	0	0
d__Bacteria;p__Desulfobacterota;c__Desulfuromonadia;o__PB19;f__PB19	6.05069E-06	0	0	0	0	0	0.000193622	0	0	0	0	0	0	0	0	0	0	0	0	0	0	0	0	0	0	0	0	0	0	0	0	0	0
d__Bacteria;p__Proteobacteria;c__Gammaproteobacteria;o__Burkholderiales;f__Alcaligenaceae	5.89926E-06	0	0	0	0	0	0	0.000188776	0	0	0	0	0	0	0	0	0	0	0	0	0	0	0	0	0	0	0	0	0	0	0	0	0
d__Bacteria;p__Actinobacteriota;c__Acidimicrobiia;o__Actinomarinales;f__uncultured	5.84537E-06	0.000187052	0	0	0	0	0	0	0	0	0	0	0	0	0	0	0	0	0	0	0	0	0	0	0	0	0	0	0	0	0	0	0
d__Bacteria;p__Proteobacteria;c__Gammaproteobacteria;o__Burkholderiales;f__MWH-UniP1_aquatic_group	5.76558E-06	0	0	0	0.000184498	0	0	0	0	0	0	0	0	0	0	0	0	0	0	0	0	0	0	0	0	0	0	0	0	0	0	0	0
d__Bacteria;p__Proteobacteria;c__Alphaproteobacteria;o__uncultured;f__uncultured	5.76558E-06	0	0	0	0.000184498	0	0	0	0	0	0	0	0	0	0	0	0	0	0	0	0	0	0	0	0	0	0	0	0	0	0	0	0
d__Bacteria;p__Cyanobacteria;c__Sericytochromatia;o__Sericytochromatia;f__Sericytochromatia	5.58745E-06	0	0	0	0	0	0	0	0	0	0	0	0	0	0	0	0	0	0	0	0.000178798	0	0	0	0	0	0	0	0	0	0	0	0
d__Bacteria;p__Proteobacteria;c__Alphaproteobacteria;o__SAR11_clade;f__Clade_IV	5.56778E-06	0.00010072	0	0	0	0	7.74E-05	0	0	0	0	0	0	0	0	0	0	0	0	0	0	0	0	0	0	0	0	0	0	0	0	0	0
d__Bacteria;p__Proteobacteria;c__Gammaproteobacteria;o__Salinisphaerales;f__Salinisphaeraceae	5.41236E-06	0.000115109	0	0	0	0	5.81E-05	0	0	0	0	0	0	0	0	0	0	0	0	0	0	0	0	0	0	0	0	0	0	0	0	0	0
d__Bacteria;p__Proteobacteria;c__Gammaproteobacteria;o__Oceanospirillales;f__Pseudohongiellaceae	5.27356E-06	7.19E-05	0	0	0	0	9.68E-05	0	0	0	0	0	0	0	0	0	0	0	0	0	0	0	0	0	0	0	0	0	0	0	0	0	0
d__Bacteria;p__Desulfobacterota;c__Desulfobacteria;o__Desulfatiglandales;f__Desulfatiglandaceae	5.20417E-06	5.04E-05	0	0	0	0	0.000116173	0	0	0	0	0	0	0	0	0	0	0	0	0	0	0	0	0	0	0	0	0	0	0	0	0	0
d__Bacteria;p__Proteobacteria;c__Gammaproteobacteria;o__Piscirickettsiales;f__Piscirickettsiaceae	5.11814E-06	8.63E-05	0	0	0	0	7.74E-05	0	0	0	0	0	0	0	0	0	0	0	0	0	0	0	0	0	0	0	0	0	0	0	0	0	0
d__Bacteria;p__Acidobacteriota;c__Acidobacteriae;o__Solibacterales;f__Solibacteraceae	4.96662E-06	0	0	0	0	0	0	0	0	0	0	0	0	0	0	0	0	0	0	0	0.000158932	0	0	0	0	0	0	0	0	0	0	0	0
d__Eukaryota;p__Basidiomycota;c__Wallemiomycetes;o__Wallemiales;f__Incertae_Sedis	4.82667E-06	0	0	0	0	0	0	0.000154453	0	0	0	0	0	0	0	0	0	0	0	0	0	0	0	0	0	0	0	0	0	0	0	0	0
d__Bacteria;p__Desulfobacterota;c__uncultured;o__uncultured;f__uncultured	4.72126E-06	0.00015108	0	0	0	0	0	0	0	0	0	0	0	0	0	0	0	0	0	0	0	0	0	0	0	0	0	0	0	0	0	0	0
d__Bacteria;p__Proteobacteria;c__Gammaproteobacteria;o__EV818SWSAP88;f__EV818SWSAP88	4.66849E-06	7.19E-05	0	0	0	0	7.74E-05	0	0	0	0	0	0	0	0	0	0	0	0	0	0	0	0	0	0	0	0	0	0	0	0	0	0
d__Bacteria;p__Patescibacteria;c__Parcubacteria;o__Candidatus_Azambacteria;f__Candidatus_Azambacteria	4.51524E-06	0	0	0	0	0	0	0	0	0	0	0	0	0	0	0	0	0	0	0	0	0	0	0	0	0	0	0	0	0	0	0	0.000144488
d__Bacteria;p__Planctomycetota;__;__;__	4.49644E-06	0.000143886	0	0	0	0	0	0	0	0	0	0	0	0	0	0	0	0	0	0	0	0	0	0	0	0	0	0	0	0	0	0	0
d__Bacteria;p__Bacteroidota;c__Bacteroidia;o__Cytophagales;f__Flammeovirgaceae	4.32418E-06	0	0	0	0.000138374	0	0	0	0	0	0	0	0	0	0	0	0	0	0	0	0	0	0	0	0	0	0	0	0	0	0	0	0
d__Bacteria;p__Actinobacteriota;c__Actinobacteria;o__Frankiales;f__Cryptosporangiaceae	4.29037E-06	0	0	0	0	0	0	0.000137292	0	0	0	0	0	0	0	0	0	0	0	0	0	0	0	0	0	0	0	0	0	0	0	0	0
d__Bacteria;p__Firmicutes;c__Bacilli;o__Mycoplasmatales;f__Mycoplasmataceae	4.27161E-06	0.000136692	0	0	0	0	0	0	0	0	0	0	0	0	0	0	0	0	0	0	0	0	0	0	0	0	0	0	0	0	0	0	0
d__Bacteria;p__Proteobacteria;c__Gammaproteobacteria;o__Methylococcales;f__Cycloclasticaceae	4.23548E-06	0	0	0	0	0	0.000135535	0	0	0	0	0	0	0	0	0	0	0	0	0	0	0	0	0	0	0	0	0	0	0	0	0	0
d__Bacteria;p__Acidobacteriota;c__Vicinamibacteria;o__Subgroup_9;f__Subgroup_9	4.04679E-06	0.000129497	0	0	0	0	0	0	0	0	0	0	0	0	0	0	0	0	0	0	0	0	0	0	0	0	0	0	0	0	0	0	0
d__Bacteria;p__Patescibacteria;c__Saccharimonadia;o__Saccharimonadales;f__Saccharimonadales	3.908E-06	8.63E-05	0	0	0	0	3.87E-05	0	0	0	0	0	0	0	0	0	0	0	0	0	0	0	0	0	0	0	0	0	0	0	0	0	0
d__Bacteria;p__Firmicutes;c__Bacilli;o__Erysipelotrichales;__	3.82197E-06	0.000122303	0	0	0	0	0	0	0	0	0	0	0	0	0	0	0	0	0	0	0	0	0	0	0	0	0	0	0	0	0	0	0
d__Bacteria;p__Bacteroidota;c__Bacteroidia;o__Bacteroidales;__	3.82197E-06	0.000122303	0	0	0	0	0	0	0	0	0	0	0	0	0	0	0	0	0	0	0	0	0	0	0	0	0	0	0	0	0	0	0
d__Bacteria;p__Proteobacteria;c__Alphaproteobacteria;o__Rhizobiales;f__Methyloligellaceae	3.82197E-06	0.000122303	0	0	0	0	0	0	0	0	0	0	0	0	0	0	0	0	0	0	0	0	0	0	0	0	0	0	0	0	0	0	0
d__Bacteria;p__Planctomycetota;c__Phycisphaerae;o__MSBL9;f__SG8-4	3.76921E-06	4.32E-05	0	0	0	0	7.74E-05	0	0	0	0	0	0	0	0	0	0	0	0	0	0	0	0	0	0	0	0	0	0	0	0	0	0
d__Bacteria;p__Firmicutes;c__Bacilli;__;__	3.75408E-06	0	0	0	0	0	0	0.00012013	0	0	0	0	0	0	0	0	0	0	0	0	0	0	0	0	0	0	0	0	0	0	0	0	0
d__Bacteria;p__Cyanobacteria;c__Vampirivibrionia;o__Gastranaerophilales;f__Gastranaerophilales	3.75408E-06	0	0	0	0	0	0	0.00012013	0	0	0	0	0	0	0	0	0	0	0	0	0	0	0	0	0	0	0	0	0	0	0	0	0
d__Bacteria;p__Actinobacteriota;c__Actinobacteria;o__Streptosporangiales;f__Nocardiopsaceae	3.75408E-06	0	0	0	0	0	0	0.00012013	0	0	0	0	0	0	0	0	0	0	0	0	0	0	0	0	0	0	0	0	0	0	0	0	0
d__Bacteria;p__Proteobacteria;c__Alphaproteobacteria;o__Reyranellales;f__Reyranellaceae	3.74762E-06	0	0	0	0.000119924	0	0	0	0	0	0	0	0	0	0	0	0	0	0	0	0	0	0	0	0	0	0	0	0	0	0	0	0
d__Bacteria;p__Bacteroidota;c__Bacteroidia;o__Sphingobacteriales;f__FFCH9454	3.72497E-06	0	0	0	0	0	0	0	0	0	0	0	0	0	0	0	0	0	0	0	0.000119199	0	0	0	0	0	0	0	0	0	0	0	0
d__Bacteria;p__Dependentiae;c__Babeliae;o__Babeliales;f__Babeliaceae	3.63041E-06	0	0	0	0	0	0.000116173	0	0	0	0	0	0	0	0	0	0	0	0	0	0	0	0	0	0	0	0	0	0	0	0	0	0
d__Bacteria;p__Proteobacteria;c__Alphaproteobacteria;o__Parvibaculales;f__PS1_clade	3.37233E-06	0.000107914	0	0	0	0	0	0	0	0	0	0	0	0	0	0	0	0	0	0	0	0	0	0	0	0	0	0	0	0	0	0	0
d__Bacteria;p__Planctomycetota;c__Planctomycetes;o__Planctomycetales;__	3.37233E-06	0.000107914	0	0	0	0	0	0	0	0	0	0	0	0	0	0	0	0	0	0	0	0	0	0	0	0	0	0	0	0	0	0	0
d__Bacteria;p__Actinobacteriota;c__Actinobacteria;o__Glycomycetales;f__Glycomycetaceae	3.21778E-06	0	0	0	0	0	0	0.000102969	0	0	0	0	0	0	0	0	0	0	0	0	0	0	0	0	0	0	0	0	0	0	0	0	0
d__Bacteria;p__Deferribacterota;c__Deferribacteres;o__Deferribacterales;f__Deferribacteraceae	3.21778E-06	0	0	0	0	0	0	0.000102969	0	0	0	0	0	0	0	0	0	0	0	0	0	0	0	0	0	0	0	0	0	0	0	0	0
d__Eukaryota;p__Basidiomycota;c__Tremellomycetes;o__Tremellomycetes;f__Tremellomycetes	3.21778E-06	0	0	0	0	0	0	0.000102969	0	0	0	0	0	0	0	0	0	0	0	0	0	0	0	0	0	0	0	0	0	0	0	0	0
d__Bacteria;p__Acidobacteriota;c__Acidobacteriae;o__Elev-16S-1166;f__Elev-16S-1166	3.17107E-06	0	0	0	0.000101474	0	0	0	0	0	0	0	0	0	0	0	0	0	0	0	0	0	0	0	0	0	0	0	0	0	0	0	0
d__Bacteria;p__Planctomycetota;c__Pla4_lineage;o__Pla4_lineage;f__Pla4_lineage	3.16414E-06	4.32E-05	0	0	0	0	5.81E-05	0	0	0	0	0	0	0	0	0	0	0	0	0	0	0	0	0	0	0	0	0	0	0	0	0	0
d__Bacteria;p__Proteobacteria;c__Alphaproteobacteria;o__Rhodospirillales;f__Magnetospiraceae	3.1475E-06	0.00010072	0	0	0	0	0	0	0	0	0	0	0	0	0	0	0	0	0	0	0	0	0	0	0	0	0	0	0	0	0	0	0
d__Bacteria;p__Actinobacteriota;c__Actinobacteria;o__Micrococcales;f__Dermacoccaceae	3.02535E-06	0	0	0	0	0	9.68E-05	0	0	0	0	0	0	0	0	0	0	0	0	0	0	0	0	0	0	0	0	0	0	0	0	0	0
d__Bacteria;p__Proteobacteria;c__Gammaproteobacteria;o__Francisellales;f__Francisellaceae	2.92268E-06	9.35E-05	0	0	0	0	0	0	0	0	0	0	0	0	0	0	0	0	0	0	0	0	0	0	0	0	0	0	0	0	0	0	0
d__Bacteria;p__Proteobacteria;c__Gammaproteobacteria;o__Burkholderiales;f__B1-7BS	2.88279E-06	0	0	0	9.22E-05	0	0	0	0	0	0	0	0	0	0	0	0	0	0	0	0	0	0	0	0	0	0	0	0	0	0	0	0
d__Bacteria;p__Acidobacteriota;c__Aminicenantia;o__Aminicenantales;f__Aminicenantales	2.78389E-06	5.04E-05	0	0	0	0	3.87E-05	0	0	0	0	0	0	0	0	0	0	0	0	0	0	0	0	0	0	0	0	0	0	0	0	0	0
d__Bacteria;p__Proteobacteria;c__Gammaproteobacteria;o__Alteromonadales;f__Alteromonadaceae	2.69786E-06	8.63E-05	0	0	0	0	0	0	0	0	0	0	0	0	0	0	0	0	0	0	0	0	0	0	0	0	0	0	0	0	0	0	0
d__Bacteria;p__Myxococcota;c__Myxococcia;o__Myxococcales;f__Anaeromyxobacteraceae	2.69786E-06	8.63E-05	0	0	0	0	0	0	0	0	0	0	0	0	0	0	0	0	0	0	0	0	0	0	0	0	0	0	0	0	0	0	0
d__Bacteria;p__Desulfobacterota;c__Desulfuromonadia;o__Bradymonadales;f__Bradymonadales	2.69786E-06	8.63E-05	0	0	0	0	0	0	0	0	0	0	0	0	0	0	0	0	0	0	0	0	0	0	0	0	0	0	0	0	0	0	0
d__Bacteria;p__Bacteroidota;c__Bacteroidia;o__Bacteroidales;f__uncultured	2.68148E-06	0	0	0	0	0	0	8.58E-05	0	0	0	0	0	0	0	0	0	0	0	0	0	0	0	0	0	0	0	0	0	0	0	0	0
d__Bacteria;p__Chloroflexi;c__Chloroflexia;o__Kallotenuales;f__Kallotenuaceae	2.48331E-06	0	0	0	0	0	0	0	0	0	0	0	0	0	0	0	0	0	0	0	7.95E-05	0	0	0	0	0	0	0	0	0	0	0	0
d__Bacteria;p__Sumerlaeota;c__Sumerlaeia;o__uncultured;f__uncultured	2.42028E-06	0	0	0	0	0	7.74E-05	0	0	0	0	0	0	0	0	0	0	0	0	0	0	0	0	0	0	0	0	0	0	0	0	0	0
d__Bacteria;p__Gemmatimonadota;c__PAUC43f_marine_benthic_group;o__PAUC43f_marine_benthic_group;f__PAUC43f_marine_benthic_group	2.42028E-06	0	0	0	0	0	7.74E-05	0	0	0	0	0	0	0	0	0	0	0	0	0	0	0	0	0	0	0	0	0	0	0	0	0	0
d__Bacteria;p__Bacteroidota;c__Ignavibacteria;o__Ignavibacteriales;__	2.42028E-06	0	0	0	0	0	7.74E-05	0	0	0	0	0	0	0	0	0	0	0	0	0	0	0	0	0	0	0	0	0	0	0	0	0	0
d__Bacteria;p__Dependentiae;c__Babeliae;o__Babeliales;__	2.30623E-06	0	0	0	7.38E-05	0	0	0	0	0	0	0	0	0	0	0	0	0	0	0	0	0	0	0	0	0	0	0	0	0	0	0	0
d__Bacteria;p__Proteobacteria;c__Alphaproteobacteria;o__Micavibrionales;f__Micavibrionaceae	2.30623E-06	0	0	0	7.38E-05	0	0	0	0	0	0	0	0	0	0	0	0	0	0	0	0	0	0	0	0	0	0	0	0	0	0	0	0
d__Bacteria;p__Proteobacteria;c__Gammaproteobacteria;o__HOC36;f__HOC36	2.24822E-06	7.19E-05	0	0	0	0	0	0	0	0	0	0	0	0	0	0	0	0	0	0	0	0	0	0	0	0	0	0	0	0	0	0	0
d__Eukaryota;p__Basidiomycota;c__Agaricostilbomycetes;o__Agaricostilbales;f__Chionosphaeraceae	2.14519E-06	0	0	0	0	0	0	6.86E-05	0	0	0	0	0	0	0	0	0	0	0	0	0	0	0	0	0	0	0	0	0	0	0	0	0
d__Eukaryota;p__Ascomycota;c__Dothideomycetes;o__Pleosporales;f__Phaeosphaeriaceae	2.14519E-06	0	0	0	0	0	0	6.86E-05	0	0	0	0	0	0	0	0	0	0	0	0	0	0	0	0	0	0	0	0	0	0	0	0	0
d__Bacteria;p__FCPU426;c__FCPU426;o__FCPU426;f__FCPU426	2.0234E-06	6.47E-05	0	0	0	0	0	0	0	0	0	0	0	0	0	0	0	0	0	0	0	0	0	0	0	0	0	0	0	0	0	0	0
d__Bacteria;p__Actinobacteriota;c__Actinobacteria;o__KIST-JJY010;f__KIST-JJY010	2.0234E-06	6.47E-05	0	0	0	0	0	0	0	0	0	0	0	0	0	0	0	0	0	0	0	0	0	0	0	0	0	0	0	0	0	0	0
d__Bacteria;p__Planctomycetota;c__Phycisphaerae;o__mle1-8;f__mle1-8	2.01795E-06	0	0	0	6.46E-05	0	0	0	0	0	0	0	0	0	0	0	0	0	0	0	0	0	0	0	0	0	0	0	0	0	0	0	0
d__Bacteria;p__Proteobacteria;c__Alphaproteobacteria;o__Rickettsiales;f__Rickettsiales	2.01795E-06	0	0	0	6.46E-05	0	0	0	0	0	0	0	0	0	0	0	0	0	0	0	0	0	0	0	0	0	0	0	0	0	0	0	0
d__Bacteria;p__Chloroflexi;c__Anaerolineae;__;__	2.01795E-06	0	0	0	6.46E-05	0	0	0	0	0	0	0	0	0	0	0	0	0	0	0	0	0	0	0	0	0	0	0	0	0	0	0	0
d__Bacteria;p__Caldisericota;c__Caldisericia;o__Caldisericales;f__WCHB1-02	1.92549E-06	4.32E-05	0	0	1.84E-05	0	0	0	0	0	0	0	0	0	0	0	0	0	0	0	0	0	0	0	0	0	0	0	0	0	0	0	0
d__Bacteria;p__Verrucomicrobiota;c__Chlamydiae;o__Chlamydiales;f__Chlamydiaceae	1.8846E-06	2.16E-05	0	0	0	0	3.87E-05	0	0	0	0	0	0	0	0	0	0	0	0	0	0	0	0	0	0	0	0	0	0	0	0	0	0
d__Bacteria;p__Verrucomicrobiota;c__Chlamydiae;o__LD1-PA32;f__LD1-PA32	1.81521E-06	0	0	0	0	0	5.81E-05	0	0	0	0	0	0	0	0	0	0	0	0	0	0	0	0	0	0	0	0	0	0	0	0	0	0
d__Bacteria;p__Firmicutes;c__Bacilli;o__Izemoplasmatales;f__Izemoplasmatales	1.79857E-06	5.76E-05	0	0	0	0	0	0	0	0	0	0	0	0	0	0	0	0	0	0	0	0	0	0	0	0	0	0	0	0	0	0	0
d__Bacteria;p__Proteobacteria;c__Alphaproteobacteria;o__Kordiimonadales;f__Temperatibacteraceae	1.79857E-06	5.76E-05	0	0	0	0	0	0	0	0	0	0	0	0	0	0	0	0	0	0	0	0	0	0	0	0	0	0	0	0	0	0	0
d__Bacteria;p__Proteobacteria;c__Alphaproteobacteria;o__Rickettsiales;f__SM2D12	1.72967E-06	0	0	0	5.53E-05	0	0	0	0	0	0	0	0	0	0	0	0	0	0	0	0	0	0	0	0	0	0	0	0	0	0	0	0
d__Bacteria;p__Bacteroidota;c__Bacteroidia;o__Cytophagales;f__Raineyaceae	1.72967E-06	0	0	0	5.53E-05	0	0	0	0	0	0	0	0	0	0	0	0	0	0	0	0	0	0	0	0	0	0	0	0	0	0	0	0
d__Bacteria;p__Bacteroidota;c__Rhodothermia;o__Balneolales;f__Balneolaceae	1.57375E-06	5.04E-05	0	0	0	0	0	0	0	0	0	0	0	0	0	0	0	0	0	0	0	0	0	0	0	0	0	0	0	0	0	0	0
d__Bacteria;p__Bacteroidota;c__Bacteroidia;o__Chitinophagales;f__37-13	1.44139E-06	0	0	0	4.61E-05	0	0	0	0	0	0	0	0	0	0	0	0	0	0	0	0	0	0	0	0	0	0	0	0	0	0	0	0
d__Bacteria;p__Proteobacteria;c__Gammaproteobacteria;o__Burkholderiales;f__Methylophilaceae	1.44139E-06	0	0	0	4.61E-05	0	0	0	0	0	0	0	0	0	0	0	0	0	0	0	0	0	0	0	0	0	0	0	0	0	0	0	0
d__Bacteria;p__MBNT15;c__MBNT15;o__MBNT15;f__MBNT15	1.44139E-06	0	0	0	4.61E-05	0	0	0	0	0	0	0	0	0	0	0	0	0	0	0	0	0	0	0	0	0	0	0	0	0	0	0	0
d__Bacteria;p__Proteobacteria;c__Alphaproteobacteria;o__Kiloniellales;f__Fodinicurvataceae	1.44139E-06	0	0	0	4.61E-05	0	0	0	0	0	0	0	0	0	0	0	0	0	0	0	0	0	0	0	0	0	0	0	0	0	0	0	0
d__Bacteria;p__Proteobacteria;c__Gammaproteobacteria;o__Oceanospirillales;f__Saccharospirillaceae	1.34893E-06	4.32E-05	0	0	0	0	0	0	0	0	0	0	0	0	0	0	0	0	0	0	0	0	0	0	0	0	0	0	0	0	0	0	0
d__Bacteria;p__Firmicutes;c__Clostridia;o__Peptostreptococcales-Tissierellales;f__Sedimentibacteraceae	1.34893E-06	4.32E-05	0	0	0	0	0	0	0	0	0	0	0	0	0	0	0	0	0	0	0	0	0	0	0	0	0	0	0	0	0	0	0
d__Bacteria;p__Patescibacteria;c__ABY1;o__Candidatus_Uhrbacteria;f__Candidatus_Uhrbacteria	1.34893E-06	4.32E-05	0	0	0	0	0	0	0	0	0	0	0	0	0	0	0	0	0	0	0	0	0	0	0	0	0	0	0	0	0	0	0
d__Bacteria;p__Bacteroidota;c__Ignavibacteria;o__Ignavibacteriales;f__PHOS-HE36	1.26564E-06	0	0	0	0	4.05E-05	0	0	0	0	0	0	0	0	0	0	0	0	0	0	0	0	0	0	0	0	0	0	0	0	0	0	0
d__Bacteria;p__Verrucomicrobiota;c__Lentisphaeria;o__Victivallales;f__Arctic95B-14	1.21014E-06	0	0	0	0	0	3.87E-05	0	0	0	0	0	0	0	0	0	0	0	0	0	0	0	0	0	0	0	0	0	0	0	0	0	0
d__Bacteria;p__Cyanobacteria;c__Cyanobacteriia;o__RD017;f__RD017	1.15312E-06	0	0	0	3.69E-05	0	0	0	0	0	0	0	0	0	0	0	0	0	0	0	0	0	0	0	0	0	0	0	0	0	0	0	0
d__Bacteria;p__Proteobacteria;c__Gammaproteobacteria;o__CCM19a;f__CCM19a	1.15312E-06	0	0	0	3.69E-05	0	0	0	0	0	0	0	0	0	0	0	0	0	0	0	0	0	0	0	0	0	0	0	0	0	0	0	0
d__Bacteria;p__Latescibacterota;c__Latescibacteria;o__Latescibacterales;f__Latescibacteraceae	1.12411E-06	3.60E-05	0	0	0	0	0	0	0	0	0	0	0	0	0	0	0	0	0	0	0	0	0	0	0	0	0	0	0	0	0	0	0
d__Bacteria;p__Actinobacteriota;c__Acidimicrobiia;o__Microtrichales;__	1.12411E-06	3.60E-05	0	0	0	0	0	0	0	0	0	0	0	0	0	0	0	0	0	0	0	0	0	0	0	0	0	0	0	0	0	0	0
d__Bacteria;p__Bacteroidota;c__Bacteroidia;o__Bacteroidales;f__Barnesiellaceae	1.07259E-06	0	0	0	0	0	0	3.43E-05	0	0	0	0	0	0	0	0	0	0	0	0	0	0	0	0	0	0	0	0	0	0	0	0	0
d__Eukaryota;p__Basidiomycota;c__Agaricostilbomycetes;o__Agaricostilbales;f__Agaricostilbaceae	1.07259E-06	0	0	0	0	0	0	3.43E-05	0	0	0	0	0	0	0	0	0	0	0	0	0	0	0	0	0	0	0	0	0	0	0	0	0
d__Eukaryota;p__Ascomycota;c__Sordariomycetes;o__Diaporthales;f__Gnomoniaceae	1.07259E-06	0	0	0	0	0	0	3.43E-05	0	0	0	0	0	0	0	0	0	0	0	0	0	0	0	0	0	0	0	0	0	0	0	0	0
d__Bacteria;p__Bacteroidota;c__Bacteroidia;o__SM1A07;f__SM1A07	8.64836E-07	0	0	0	2.77E-05	0	0	0	0	0	0	0	0	0	0	0	0	0	0	0	0	0	0	0	0	0	0	0	0	0	0	0	0
d__Bacteria;p__Armatimonadota;c__Armatimonadia;o__Armatimonadales;f__Armatimonadaceae	8.64836E-07	0	0	0	2.77E-05	0	0	0	0	0	0	0	0	0	0	0	0	0	0	0	0	0	0	0	0	0	0	0	0	0	0	0	0
d__Bacteria;p__SAR324_clade(Marine_group_B);c__SAR324_clade(Marine_group_B);o__SAR324_clade(Marine_group_B);f__SAR324_clade(Marine_group_B)	6.74465E-07	2.16E-05	0	0	0	0	0	0	0	0	0	0	0	0	0	0	0	0	0	0	0	0	0	0	0	0	0	0	0	0	0	0	0
d__Bacteria;p__Proteobacteria;c__Gammaproteobacteria;o__Diplorickettsiales;f__Diplorickettsiaceae	6.74465E-07	2.16E-05	0	0	0	0	0	0	0	0	0	0	0	0	0	0	0	0	0	0	0	0	0	0	0	0	0	0	0	0	0	0	0
d__Eukaryota;p__Ochrophyta;c__Chrysophyceae;o__Ochromonadales;f__Ochromonadales	5.76558E-07	0	0	0	1.84E-05	0	0	0	0	0	0	0	0	0	0	0	0	0	0	0	0	0	0	0	0	0	0	0	0	0	0	0	0
d__Bacteria;p__Proteobacteria;c__Alphaproteobacteria;o__Paracaedibacterales;f__Paracaedibacteraceae	5.76558E-07	0	0	0	1.84E-05	0	0	0	0	0	0	0	0	0	0	0	0	0	0	0	0	0	0	0	0	0	0	0	0	0	0	0	0
d__Bacteria;p__Elusimicrobiota;c__Elusimicrobia;o__MVP-88;f__MVP-88	5.76558E-07	0	0	0	1.84E-05	0	0	0	0	0	0	0	0	0	0	0	0	0	0	0	0	0	0	0	0	0	0	0	0	0	0	0	0
d__Bacteria;p__Patescibacteria;c__Gracilibacteria;o__Candidatus_Peregrinibacteria;f__Candidatus_Peregrinibacteria	5.76558E-07	0	0	0	1.84E-05	0	0	0	0	0	0	0	0	0	0	0	0	0	0	0	0	0	0	0	0	0	0	0	0	0	0	0	0
d__Bacteria;p__Hydrogenedentes;c__Hydrogenedentia;o__Hydrogenedentiales;f__Hydrogenedensaceae	4.49644E-07	1.44E-05	0	0	0	0	0	0	0	0	0	0	0	0	0	0	0	0	0	0	0	0	0	0	0	0	0	0	0	0	0	0	0